id;suite;titel;auto_score;frage;antwort;schluessel;bewertung_1-5;notiz
rag-01;rag;RAG: Meldefristen rechnen (Basis nis2-02);1.0;"Beantworte die Frage ausschließlich auf Grundlage des folgenden Gesetzestextes. Nenne die einschlägige Vorschrift. Wenn der Text die Frage nicht beantwortet oder die genannte Vorschrift darin nicht vorkommt, sage das ausdrücklich.

<<<GESETZESTEXT
{{CONTEXT:recht.txt}}
GESETZESTEXT>>>

Frage: Eine wichtige Einrichtung erfährt am Montag, 05.10.2026 um 08:15 Uhr von einem erheblichen Sicherheitsvorfall. Nenne die Meldefristen nach BSIG mit konkretem Datum und Uhrzeit.";"

Nach § 32 BSIG (Meldepflichten) ergeben sich für die wichtige Einrichtung folgende Fristen, ausgehend von der Kenntniserlangung am **Montag, 05.10.2026, 08:15 Uhr**:

**1. Frühe Erstmeldung (Nummer 1 des § 32 Abs. 1):**
Spätestens 24 Stunden nach Kenntniserlangung, also bis zum **Dienstag, 06.10.2026, 08:15 Uhr**.

**2. Meldung über den Sicherheitsvorfall (Nummer 2 des § 32 Abs. 1):**
Spätestens 72 Stunden nach Kenntniserlangung, also bis zum **Donnerstag, 08.10.2026, 08:15 Uhr**.

**3. Zwischenmeldung (Nummer 3 des § 32 Abs. 1):**
Auf Ersuchen des Bundesamtes – keine feste Frist.

**4. Abschlussmeldung (Nummer 4 des § 32 Abs. 1):**
Spätestens einen Monat nach Übermittlung der Meldung gemäß Nummer 2. Da die Meldung nach Nummer 2 spätestens am 08.10.2026 zu übermitteln ist, wäre die Abschlussmeldung spätestens am **08.11.2026** vorzulegen (vorbehaltlich Absatz 2, wonach eine Fortschrittsmeldung genügt, wenn der Vorfall zu diesem Zeitpunkt noch andauert).

Die Verpflichtung nach Satz 1 gilt gemäß § 32 Abs. 1 Satz 3 frühestens ab Einrichtung des Meldewegs.";"§32 BSIG [verifiziert]: Erstmeldung/Fruehwarnung 24h -> Di 06.10.2026 08:15; Meldung 72h -> Do 08.10.2026 08:15; Abschluss 1 Monat.";;
rag-01;rag;RAG: Meldefristen rechnen (Basis nis2-02);1.0;"Beantworte die Frage ausschließlich auf Grundlage des folgenden Gesetzestextes. Nenne die einschlägige Vorschrift. Wenn der Text die Frage nicht beantwortet oder die genannte Vorschrift darin nicht vorkommt, sage das ausdrücklich.

<<<GESETZESTEXT
{{CONTEXT:recht.txt}}
GESETZESTEXT>>>

Frage: Eine wichtige Einrichtung erfährt am Montag, 05.10.2026 um 08:15 Uhr von einem erheblichen Sicherheitsvorfall. Nenne die Meldefristen nach BSIG mit konkretem Datum und Uhrzeit.";"

## Meldefristen nach § 32 BSIG

Kenntniserlangung: **Montag, 05.10.2026, 08:15 Uhr**

| Meldung | Frist | Spätester Zeitpunkt |
|---|---|---|
| **Frühe Erstmeldung** (Nr. 1) | unverzüglich, spätestens innerhalb von **24 Stunden** nach Kenntniserlangung | **Dienstag, 06.10.2026, 08:15 Uhr** |
| **Meldung über den Sicherheitsvorfall** (Nr. 2) | unverzüglich, spätestens innerhalb von **72 Stunden** nach Kenntniserlangung | **Donnerstag, 08.10.2026, 08:15 Uhr** |
| **Zwischenmeldung** (Nr. 3) | auf Ersuchen des Bundesamtes (keine konkrete Frist im Gesetzestext) | – |
| **Abschlussmeldung** (Nr. 4) | spätestens **einen Monat** nach Übermittlung der Meldung gemäß Nr. 2 | spätestens **08.11.2026, 08:15 Uhr** (unter der Annahme, dass die Meldung nach Nr. 2 am spätesten zulässigen Zeitpunkt übermittelt wurde; bei früherer Übermittlung verschiebt sich auch die Abschlussmeldung entsprechend nach vorn) |

**Hinweis:** Die Abschlussmeldung ist nur dann als Fortschrittsmeldung zu erstatten, wenn der Sicherheitsvorfall zum Fristablauf (ein Monat nach Übermittlung der Nr.-2-Meldung) noch andauert; andernfalls ist die Abschlussmeldung vorzulegen (§ 32 Abs. 2 BSIG).";"§32 BSIG [verifiziert]: Erstmeldung/Fruehwarnung 24h -> Di 06.10.2026 08:15; Meldung 72h -> Do 08.10.2026 08:15; Abschluss 1 Monat.";;
rag-01;rag;RAG: Meldefristen rechnen (Basis nis2-02);1.0;"Beantworte die Frage ausschließlich auf Grundlage des folgenden Gesetzestextes. Nenne die einschlägige Vorschrift. Wenn der Text die Frage nicht beantwortet oder die genannte Vorschrift darin nicht vorkommt, sage das ausdrücklich.

<<<GESETZESTEXT
{{CONTEXT:recht.txt}}
GESETZESTEXT>>>

Frage: Eine wichtige Einrichtung erfährt am Montag, 05.10.2026 um 08:15 Uhr von einem erheblichen Sicherheitsvorfall. Nenne die Meldefristen nach BSIG mit konkretem Datum und Uhrzeit.";"

Nach § 32 BSIG gelten folgende Meldefristen:

1. **Erste Erstmeldung** (unverzüglich, spätestens 24 Stunden nach Kenntniserlangung): Kenntniserlangung am Montag, 05.10.2026, 08:15 Uhr → Fristende: **Dienstag, 06.10.2026, 08:15 Uhr**.

2. **Meldung über den Sicherheitsvorfall** (unverzüglich, spätestens 72 Stunden nach Kenntniserlangung): → Fristende: **Donnerstag, 08.10.2026, 08:15 Uhr**.

3. **Zwischenmeldung**: Nur **auf Ersuchen** des Bundesamtes; es ist keine feste Frist gesetzt.

4. **Abschlussmeldung**: Spätestens **einen Monat nach Übermittlung der Meldung gemäß Nummer 2** (§ 32 Abs. 1 Satz 1 Nr. 2). Ein konkretes Datum lässt sich hier **nicht** angeben, da die Frist nicht an die Kenntniserlangung anknüpft, sondern an die tatsächliche Übermittlung der Meldung, deren Zeitpunkt nicht feststeht.

Quelle: § 32 BSIG.";"§32 BSIG [verifiziert]: Erstmeldung/Fruehwarnung 24h -> Di 06.10.2026 08:15; Meldung 72h -> Do 08.10.2026 08:15; Abschluss 1 Monat.";;
rag-01;rag;RAG: Meldefristen rechnen (Basis nis2-02);1.0;"Beantworte die Frage ausschließlich auf Grundlage des folgenden Gesetzestextes. Nenne die einschlägige Vorschrift. Wenn der Text die Frage nicht beantwortet oder die genannte Vorschrift darin nicht vorkommt, sage das ausdrücklich.

<<<GESETZESTEXT
{{CONTEXT:recht.txt}}
GESETZESTEXT>>>

Frage: Eine wichtige Einrichtung erfährt am Montag, 05.10.2026 um 08:15 Uhr von einem erheblichen Sicherheitsvorfall. Nenne die Meldefristen nach BSIG mit konkretem Datum und Uhrzeit.";"

## Meldefristen nach § 32 BSIG

Kenntniserlangung des Sicherheitsvorfalls: **Montag, 05.10.2026, 08:15 Uhr**

### 1. Frühe Erstmeldung (§ 32 Abs. 1 Nr. 1 BSIG)
- **Frist:** unverzüglich, spätestens **24 Stunden** nach Kenntniserlangung
- **Spätester Zeitpunkt:** **Dienstag, 06.10.2026, 08:15 Uhr**
- Inhalt: Angabe, ob der Verdacht auf rechtswidrige/böswillige Handlungen oder grenzüberschreitende Auswirkungen besteht.

### 2. Meldung über den Sicherheitsvorfall (§ 32 Abs. 1 Nr. 2 BSIG)
- **Frist:** unverzüglich, spätestens **72 Stunden** nach Kenntniserlangung
- **Spätester Zeitpunkt:** **Donnerstag, 08.10.2026, 08:15 Uhr**
- Inhalt: Bestätigung/Aktualisierung der Informationen aus Nr. 1, erste Bewertung (Schweregrad, Auswirkungen), ggf. Kompromittierungsindikatoren.

### 3. Zwischenmeldung (§ 32 Abs. 1 Nr. 3 BSIG)
- **Frist:** auf Ersuchen des Bundesamtes – keine feste Frist im Gesetz genannt.

### 4. Abschlussmeldung (§ 32 Abs. 1 Nr. 4 BSIG)
- **Frist:** spätestens **einen Monat** nach Übermittlung der Meldung gemäß Nr. 2
- **Spätester Zeitpunkt:** **08.11.2026** (ein Monat nach dem spätesten Zeitpunkt der 72-Stunden-Meldung), sofern der Sicherheitsvorfall zu diesem Zeitpunkt nicht noch andauert.
- Dauert der Vorfall noch an, ist statt der Abschlussmeldung eine **Fortschrittsmeldung** vorzulegen; die Abschlussmeldung folgt nach abschließender Bearbeitung (§ 32 Abs. 2 BSIG).";"§32 BSIG [verifiziert]: Erstmeldung/Fruehwarnung 24h -> Di 06.10.2026 08:15; Meldung 72h -> Do 08.10.2026 08:15; Abschluss 1 Monat.";;
rag-01;rag;RAG: Meldefristen rechnen (Basis nis2-02);1.0;"Beantworte die Frage ausschließlich auf Grundlage des folgenden Gesetzestextes. Nenne die einschlägige Vorschrift. Wenn der Text die Frage nicht beantwortet oder die genannte Vorschrift darin nicht vorkommt, sage das ausdrücklich.

<<<GESETZESTEXT
{{CONTEXT:recht.txt}}
GESETZESTEXT>>>

Frage: Eine wichtige Einrichtung erfährt am Montag, 05.10.2026 um 08:15 Uhr von einem erheblichen Sicherheitsvorfall. Nenne die Meldefristen nach BSIG mit konkretem Datum und Uhrzeit.";"

## Meldefristen nach § 32 BSIG

Kenntniserlangung: **05.10.2026, 08:15 Uhr**

| Meldung | Frist | Konkrete Deadline |
|---|---|---|
| **Frühe Erstmeldung** (§ 32 Abs. 1 Nr. 1) | spätestens 24 Stunden nach Kenntniserlangung | **06.10.2026, 08:15 Uhr** |
| **Meldung über den Sicherheitsvorfall** (§ 32 Abs. 1 Nr. 2) | spätestens 72 Stunden nach Kenntniserlangung | **08.10.2026, 08:15 Uhr** |
| **Zwischenmeldung** (§ 32 Abs. 1 Nr. 3) | auf Ersuchen des Bundesamtes | keine feste Frist |
| **Abschlussmeldung** (§ 32 Abs. 1 Nr. 4) | spätestens einen Monat nach Übermittlung der Meldung gemäß Nr. 2 | hängt vom Übermittlungszeitpunkt der Nr.-2-Meldung ab; kein konkretes Datum berechenbar |

**Hinweis zur Abschlussmeldung:** Die Frist beginnt nicht mit der Kenntniserlangung, sondern mit der *Übermittlung* der Meldung nach Nr. 2. Da der Übermittlungzeitpunkt hier nicht gegeben ist, lässt sich kein konkretes Datum und keine konkrete Uhrzeit ableiten.

**Hinweis zur Fortschrittsmeldung:** Dauert der Vorfall zum Zeitpunkt der Ein-Monats-Frist noch an, ist statt der Abschlussmeldung eine Fortschrittsmeldung vorzulegen (§ 32 Abs. 2). Die eigentliche Abschlussmeldung ist dann erst nach abschließender Bearbeitung nachzureichen.";"§32 BSIG [verifiziert]: Erstmeldung/Fruehwarnung 24h -> Di 06.10.2026 08:15; Meldung 72h -> Do 08.10.2026 08:15; Abschluss 1 Monat.";;
rag-01;rag;RAG: Meldefristen rechnen (Basis nis2-02);1.0;"Beantworte die Frage ausschließlich auf Grundlage des folgenden Gesetzestextes. Nenne die einschlägige Vorschrift. Wenn der Text die Frage nicht beantwortet oder die genannte Vorschrift darin nicht vorkommt, sage das ausdrücklich.

<<<GESETZESTEXT
{{CONTEXT:recht.txt}}
GESETZESTEXT>>>

Frage: Eine wichtige Einrichtung erfährt am Montag, 05.10.2026 um 08:15 Uhr von einem erheblichen Sicherheitsvorfall. Nenne die Meldefristen nach BSIG mit konkretem Datum und Uhrzeit.";"

## Meldefristen nach § 32 BSIG

Kenntniserlangung: **Montag, 05.10.2026, 08:15 Uhr**

Die einschlägige Vorschrift ist **§ 32 Abs. 1 BSIG** (wortgetreu wiedergegeben im Gesetzestext).

| Meldung | Frist | Konkretes Datum / Uhrzeit |
|---------|-------|---------------------------|
| **Erstmeldung** (Nr. 1): Verdacht auf rechtswidrige/böswillige Handlung oder grenzüberschreitende Auswirkungen | unverzüglich, spätestens **24 Stunden** nach Kenntniserlangung | spätestens **Dienstag, 06.10.2026, 08:15 Uhr** |
| **Meldung des Sicherheitsvorfalls** (Nr. 2): Bestätigung/Aktualisierung der Nr.-1-Informationen, erste Bewertung, Schweregrad, Auswirkungen, ggf. Kompromittierungsindikatoren | unverzüglich, spätestens **72 Stunden** nach Kenntniserlangung | spätestens **Donnerstag, 08.10.2026, 08:15 Uhr** |
| **Zwischenmeldung** (Nr. 3) | auf Ersuchen des Bundesamtes | keine feste Frist |
| **Abschlussmeldung** (Nr. 4): ausführliche Beschreibung, Ursache, Abhilfemaßnahmen, ggf. grenzüberschreitende Auswirkungen | spätestens **einen Monat** nach Übermittlung der Meldung gemäß Nr. 2 | abhängig vom tatsächlichen Übermittlungszeitpunkt der 72-Stunden-Meldung; wenn diese am spätesten zulässig (08.10.2026, 08:15 Uhr) übermittelt wird, dann spätestens **08.11.2026, 08:15 Uhr** |

**Wichtige Hinweise:**
- „Unverzüglich"" bedeutet, dass die Meldung ohne schuldhaftes Zögern erfolgen muss; die genannten Stundenwerte sind nur die **äußerste Obergrenze**.
- Wenn der Sicherheitsvorfall zum Zeitpunkt des Monatsablaufs noch andauert, ist statt der Abschlussmeldung eine **Fortschrittsmeldung** vorzulegen (§ 32 Abs. 2 BSIG); die Abschlussmeldung folgt erst nach abschließender Bearbeitung.
- Die Meldepflicht gilt frühestens ab Einrichtung des Meldewegs (§ 32 Abs. 1 Satz 2 BSIG).";"§32 BSIG [verifiziert]: Erstmeldung/Fruehwarnung 24h -> Di 06.10.2026 08:15; Meldung 72h -> Do 08.10.2026 08:15; Abschluss 1 Monat.";;
rag-01;rag;RAG: Meldefristen rechnen (Basis nis2-02);1.0;"Beantworte die Frage ausschließlich auf Grundlage des folgenden Gesetzestextes. Nenne die einschlägige Vorschrift. Wenn der Text die Frage nicht beantwortet oder die genannte Vorschrift darin nicht vorkommt, sage das ausdrücklich.

<<<GESETZESTEXT
{{CONTEXT:recht.txt}}
GESETZESTEXT>>>

Frage: Eine wichtige Einrichtung erfährt am Montag, 05.10.2026 um 08:15 Uhr von einem erheblichen Sicherheitsvorfall. Nenne die Meldefristen nach BSIG mit konkretem Datum und Uhrzeit.";"

## Meldefristen nach § 32 BSIG

Kenntniserlangung: **Montag, 05.10.2026, 08:15 Uhr**

| Meldung | Frist nach § 32 BSIG | Konkreter Termin |
|---|---|---|
| **Frühe Erstmeldung** (Nr. 1) | unverzüglich, spätestens innerhalb von **24 Stunden** nach Kenntniserlangung | spätestens **Dienstag, 06.10.2026, 08:15 Uhr** |
| **Meldung über den Sicherheitsvorfall** (Nr. 2) | unverzüglich, spätestens innerhalb von **72 Stunden** nach Kenntniserlangung | spätestens **Donnerstag, 08.10.2026, 08:15 Uhr** |
| **Zwischenmeldung** (Nr. 3) | auf Ersuchen des Bundesamtes | keine feste Frist |
| **Abschlussmeldung** (Nr. 4) | spätestens **einen Monat** nach Übermittlung der Meldung gemäß Nr. 2 | spätestens **08.11.2026** (einen Monat nach dem spätesten Zeitpunkt der 72-Stunden-Meldung; maßgeblich ist der tatsächliche Übermittlungszeitpunkt) |

**Hinweis:** Die Verpflichtung nach § 32 BSIG gilt frühestens ab Einrichtung des Meldewegs (Satz 2 von Absatz 1).";"§32 BSIG [verifiziert]: Erstmeldung/Fruehwarnung 24h -> Di 06.10.2026 08:15; Meldung 72h -> Do 08.10.2026 08:15; Abschluss 1 Monat.";;
rag-01;rag;RAG: Meldefristen rechnen (Basis nis2-02);1.0;"Beantworte die Frage ausschließlich auf Grundlage des folgenden Gesetzestextes. Nenne die einschlägige Vorschrift. Wenn der Text die Frage nicht beantwortet oder die genannte Vorschrift darin nicht vorkommt, sage das ausdrücklich.

<<<GESETZESTEXT
{{CONTEXT:recht.txt}}
GESETZESTEXT>>>

Frage: Eine wichtige Einrichtung erfährt am Montag, 05.10.2026 um 08:15 Uhr von einem erheblichen Sicherheitsvorfall. Nenne die Meldefristen nach BSIG mit konkretem Datum und Uhrzeit.";"

Nach **§ 32 BSIG** (Meldepflichten) gelten für die wichtige Einrichtung, die am **Montag, 05.10.2026 um 08:15 Uhr** Kenntnis von einem erheblichen Sicherheitsvorfall erlangt:

**1. Frühe Erstmeldung (Nr. 1 des § 32 Abs. 1 BSIG):**
spätestens innerhalb von **24 Stunden** nach Kenntniserlangung → **Dienstag, 06.10.2026 um 08:15 Uhr**

**2. Meldung über den Sicherheitsvorfall (Nr. 2 des § 32 Abs. 1 BSIG):**
spätestens innerhalb von **72 Stunden** nach Kenntniserlangung → **Donnerstag, 08.10.2026 um 08:15 Uhr**

**3. Abschlussmeldung (Nr. 4 des § 32 Abs. 1 BSIG):**
spätestens **einen Monat** nach Übermittlung der Meldung gemäß Nr. 2 → **08.11.2026** (die genaue Uhrzeit ergibt sich aus dem Zeitpunkt der Übermittlung der 72-Stunden-Meldung, spätestens also um 08:15 Uhr, falls die Meldung fristgerecht erfolgt).

Die Zwischenmeldung (Nr. 3) ist auf Ersuchen des Bundesamtes abzugeben; hierfür ist keine konkrete Frist festgelegt.

**Einschlägige Vorschrift:** § 32 BSIG.";"§32 BSIG [verifiziert]: Erstmeldung/Fruehwarnung 24h -> Di 06.10.2026 08:15; Meldung 72h -> Do 08.10.2026 08:15; Abschluss 1 Monat.";;
rag-01;rag;RAG: Meldefristen rechnen (Basis nis2-02);1.0;"Beantworte die Frage ausschließlich auf Grundlage des folgenden Gesetzestextes. Nenne die einschlägige Vorschrift. Wenn der Text die Frage nicht beantwortet oder die genannte Vorschrift darin nicht vorkommt, sage das ausdrücklich.

<<<GESETZESTEXT
{{CONTEXT:recht.txt}}
GESETZESTEXT>>>

Frage: Eine wichtige Einrichtung erfährt am Montag, 05.10.2026 um 08:15 Uhr von einem erheblichen Sicherheitsvorfall. Nenne die Meldefristen nach BSIG mit konkretem Datum und Uhrzeit.";"

Die einschlägige Vorschrift ist **§ 32 BSIG – Meldepflichten**.

Kenntniserlangung: **Montag, 05.10.2026, 08:15 Uhr**.

| Meldung | Frist (gesetzlich) | Spätester Zeitpunkt |
|---|---|---|
| **Frühe Erstmeldung** (Nr. 1: Verdacht auf rechtswidrige/böswillige Handlungen oder grenzüberschreitende Auswirkungen) | unverzüglich, spätestens innerhalb von **24 Stunden** nach Kenntniserlangung | **Dienstag, 06.10.2026, 08:15 Uhr** |
| **Meldung über den Sicherheitsvorfall** (Nr. 2: Bestätigung/Aktualisierung der Nr.-1-Informationen, erste Bewertung, Schweregrad, Auswirkungen, Kompromittierungsindikatoren) | unverzüglich, spätestens innerhalb von **72 Stunden** nach Kenntniserlangung | **Donnerstag, 08.10.2026, 08:15 Uhr** |
| **Zwischenmeldung** (Nr. 3) | auf Ersuchen des Bundesamtes | keine feste Frist im Gesetz |
| **Abschlussmeldung** (Nr. 4) | spätestens **einen Monat nach Übermittlung** der Meldung nach Nr. 2 | hängt vom tatsächlichen Übermittlungszeitpunkt der Nr.-2-Meldung ab; bei Übermittlung am letzten zulässigen Termin (08.10.2026, 08:15 Uhr) wäre der späteste Termin **08.11.2026, 08:15 Uhr** |

Zusätzlich gilt laut § 32 Abs. 1 Satz 3: Die Verpflichtung besteht frühestens ab Einrichtung des Meldewegs.";"§32 BSIG [verifiziert]: Erstmeldung/Fruehwarnung 24h -> Di 06.10.2026 08:15; Meldung 72h -> Do 08.10.2026 08:15; Abschluss 1 Monat.";;
rag-01;rag;RAG: Meldefristen rechnen (Basis nis2-02);1.0;"Beantworte die Frage ausschließlich auf Grundlage des folgenden Gesetzestextes. Nenne die einschlägige Vorschrift. Wenn der Text die Frage nicht beantwortet oder die genannte Vorschrift darin nicht vorkommt, sage das ausdrücklich.

<<<GESETZESTEXT
{{CONTEXT:recht.txt}}
GESETZESTEXT>>>

Frage: Eine wichtige Einrichtung erfährt am Montag, 05.10.2026 um 08:15 Uhr von einem erheblichen Sicherheitsvorfall. Nenne die Meldefristen nach BSIG mit konkretem Datum und Uhrzeit.";"

## Meldefristen nach § 32 BSIG

**Ausgangspunkt:** Kenntniserlangung am Montag, 05.10.2026, 08:15 Uhr.

### 1. Frühe Erstmeldung (§ 32 Abs. 1 Nr. 1 BSIG)
- **Frist:** unverzüglich, spätestens 24 Stunden nach Kenntniserlangung
- **Spätester Zeitpunkt:** Dienstag, 06.10.2026, 08:15 Uhr

### 2. Meldung über den Sicherheitsvorfall (§ 32 Abs. 1 Nr. 2 BSIG)
- **Frist:** unverzüglich, spätestens 72 Stunden nach Kenntniserlangung
- **Spätester Zeitpunkt:** Freitag, 08.10.2026, 08:15 Uhr

### 3. Zwischenmeldung (§ 32 Abs. 1 Nr. 3 BSIG)
- **Frist:** auf Ersuchen des Bundesamtes – keine feste Frist

### 4. Abschlussmeldung (§ 32 Abs. 1 Nr. 4 BSIG)
- **Frist:** spätestens einen Monat **nach Übermittlung der Meldung gemäß Nummer 2**
- **Hinweis:** Der Bezugspunkt ist die tatsächliche Übermittlung der Meldung nach Nr. 2, nicht die Kenntniserlangung. Erfolgt die Meldung nach Nr. 2 am spätestmöglichen Zeitpunkt (08.10.2026, 08:15 Uhr), wäre die Abschlussmeldung spätestens am **08.11.2026** fällig. Erfolgt die Meldung früher, verschiebt sich auch die Frist für die Abschlussmeldung entsprechend nach vorne.
- **Ausnahme (§ 32 Abs. 2 BSIG):** Dauert der Sicherheitsvorfall zum einen Monat nach Übermittlung noch an, ist stattdessen eine Fortschrittsmeldung vorzulegen; die Abschlussmeldung folgt nach abschließender Bearbeitung.";"§32 BSIG [verifiziert]: Erstmeldung/Fruehwarnung 24h -> Di 06.10.2026 08:15; Meldung 72h -> Do 08.10.2026 08:15; Abschluss 1 Monat.";;
rag-02;rag;RAG: Registrierungsfrist (Basis nis2-03);1.0;"Beantworte die Frage ausschließlich auf Grundlage des folgenden Gesetzestextes. Nenne die einschlägige Vorschrift. Wenn der Text die Frage nicht beantwortet oder die genannte Vorschrift darin nicht vorkommt, sage das ausdrücklich.

<<<GESETZESTEXT
{{CONTEXT:recht.txt}}
GESETZESTEXT>>>

Frage: Bis wann muss sich eine Einrichtung nach dem BSIG beim BSI registrieren, nachdem sie festgestellt hat, dass sie unter das Gesetz fällt?";"

Nach § 33 BSIG – Registrierungspflicht – müssen besonders wichtige Einrichtungen und wichtige Einrichtungen sowie Domain-Name-Registry-Dienstleister dem Bundesamt spätestens **drei Monate** nach Einreichung bzw. Feststellung, dass sie als eine dieser Einrichtungen gelten, ihre Daten über die gemeinsam eingerichtete Registrierungsmöglichkeit übermitteln.

Die Frage nach dem ""BSI"" ist dabei so zu verstehen: Der Gesetzestext spricht vom ""Bundesamt"" (gemeint ist das Bundesamt für Sicherheit in der Informationstechnik als zuständige Behörde des BSIG). Wenn mit ""BSI"" das BSI gemeint ist, trifft die Antwort zu.

Hinweis: Der Text ist als sinngemäß zusammengefasst gekennzeichnet, nicht wortgetreu.";§33 BSIG [verifiziert]: innerhalb von 3 Monaten.;;
rag-02;rag;RAG: Registrierungsfrist (Basis nis2-03);1.0;"Beantworte die Frage ausschließlich auf Grundlage des folgenden Gesetzestextes. Nenne die einschlägige Vorschrift. Wenn der Text die Frage nicht beantwortet oder die genannte Vorschrift darin nicht vorkommt, sage das ausdrücklich.

<<<GESETZESTEXT
{{CONTEXT:recht.txt}}
GESETZESTEXT>>>

Frage: Bis wann muss sich eine Einrichtung nach dem BSIG beim BSI registrieren, nachdem sie festgestellt hat, dass sie unter das Gesetz fällt?";"

Nach § 33 BSIG – Registrierungspflicht müssen besonders wichtige Einrichtungen, wichtige Einrichtungen sowie Domain-Name-Registry-Dienstleister sich spätestens **drei Monate** nach dem Zeitpunkt registrieren, zu dem sie erstmals als eine der genannten Einrichtungen gelten oder Domain-Name-Registry-Dienste anbieten.

Die in § 33 BSIG genannten Angaben umfassen Name und Rechtsform, Anschrift und Kontaktdaten, den relevanten Sektor, die betroffenen EU-Mitgliedstaaten und die zuständigen Aufsichtsbehörden. Änderungen sind unverzüglich, spätestens binnen zwei Wochen, mitzuteilen (§ 33 Abs. 5 BSIG).

Hinweis: Der vorliegende Text ist als sinngemäß zusammengefasst gekennzeichnet. Für eine rechtsverbindliche Antwort empfiehlt sich die Prüfung gegen den amtlichen Gesetzestext.";§33 BSIG [verifiziert]: innerhalb von 3 Monaten.;;
rag-02;rag;RAG: Registrierungsfrist (Basis nis2-03);1.0;"Beantworte die Frage ausschließlich auf Grundlage des folgenden Gesetzestextes. Nenne die einschlägige Vorschrift. Wenn der Text die Frage nicht beantwortet oder die genannte Vorschrift darin nicht vorkommt, sage das ausdrücklich.

<<<GESETZESTEXT
{{CONTEXT:recht.txt}}
GESETZESTEXT>>>

Frage: Bis wann muss sich eine Einrichtung nach dem BSIG beim BSI registrieren, nachdem sie festgestellt hat, dass sie unter das Gesetz fällt?";"

Gemäß **§ 33 BSIG** sind besonders wichtige Einrichtungen und wichtige Einrichtungen verpflichtet, spätestens drei Monate nachdem sie erstmals oder erneut als eine der genannten Einrichtungen gelten, dem Bundesamt über die Registrierungsmöglichkeit folgende Angaben zu übermitteln: Name und Rechtsform, Anschrift und Kontaktdaten, den relevanten Sektor, die betroffenen EU-Mitgliedstaaten und die zuständigen Aufsichtsbehörden.

Der Text spricht davon, dass sie „erstmals oder erneut als eine der genannten Einrichtungen gelten"" – nicht ausdrücklich davon, dass sie „festgestellt hat, dass sie unter das Gesetz fällt"". Die Frist beträgt nach dem Wortlaut des Textes drei Monate.

Zudem nennt der Gesetzestext als Empfänger „dem Bundesamt"", nicht ausdrücklich „BSI"".";§33 BSIG [verifiziert]: innerhalb von 3 Monaten.;;
rag-02;rag;RAG: Registrierungsfrist (Basis nis2-03);1.0;"Beantworte die Frage ausschließlich auf Grundlage des folgenden Gesetzestextes. Nenne die einschlägige Vorschrift. Wenn der Text die Frage nicht beantwortet oder die genannte Vorschrift darin nicht vorkommt, sage das ausdrücklich.

<<<GESETZESTEXT
{{CONTEXT:recht.txt}}
GESETZESTEXT>>>

Frage: Bis wann muss sich eine Einrichtung nach dem BSIG beim BSI registrieren, nachdem sie festgestellt hat, dass sie unter das Gesetz fällt?";"

Die einschlägige Vorschrift ist **§ 33 BSIG – Registrierungspflicht**.

Nach § 33 Abs. 1 BSIG sind besonders wichtige und wichtige Einrichtungen sowie Domain-Name-Registry-Dienstleister verpflichtet, **spätestens drei Monate**, nachdem sie erstmals oder erneut als eine der genannten Einrichtungen gelten oder Domain-Name-Registry-Dienste anbieten, dem Bundesamt über die gemeinsam eingerichtete Registrierungsmöglichkeit bestimmte Daten zu übermitteln.

Der Text nennt dabei nicht ausdrücklich „BSI“, sondern spricht von „dem Bundesamt“. Ob es sich dabei um das BSI handelt, geht aus dem vorliegenden Gesetzestext nicht eindeutig hervor.";§33 BSIG [verifiziert]: innerhalb von 3 Monaten.;;
rag-02;rag;RAG: Registrierungsfrist (Basis nis2-03);1.0;"Beantworte die Frage ausschließlich auf Grundlage des folgenden Gesetzestextes. Nenne die einschlägige Vorschrift. Wenn der Text die Frage nicht beantwortet oder die genannte Vorschrift darin nicht vorkommt, sage das ausdrücklich.

<<<GESETZESTEXT
{{CONTEXT:recht.txt}}
GESETZESTEXT>>>

Frage: Bis wann muss sich eine Einrichtung nach dem BSIG beim BSI registrieren, nachdem sie festgestellt hat, dass sie unter das Gesetz fällt?";"

Die einschlägige Vorschrift ist **§ 33 BSIG – Registrierungspflicht [sinngemäß]**.

Nach § 33 Abs. 1 BSIG muss eine Einrichtung, die erstmals oder erneut als besonders wichtige Einrichtung, wichtige Einrichtung oder Domain-Name-Registry-Dienstleister gilt, **spätestens drei Monate** nach diesem Zeitpunkt dem Bundesamt (über eine gemeinsam eingerichtete Registrierungsmöglichkeit) Name und Rechtsform, Anschrift und Kontaktdaten, den relevanten Sektor, die betroffenen EU-Mitgliedstaaten und die zuständigen Aufsichtsbehörden übermitteln.

Der vorliegende Text verwendet die Bezeichnung „Bundesamt"" und nennt „BSI"" nicht ausdrücklich. Ob es sich um dasselbe Bundesamt handelt, lässt sich dem Text allein nicht entnehmen.

Zusätzlich ist zu beachten, dass Änderungen nach § 33 Abs. 5 BSIG **unverzüglich, spätestens jedoch binnen zwei Wochen** mitzuteilen sind.";§33 BSIG [verifiziert]: innerhalb von 3 Monaten.;;
rag-02;rag;RAG: Registrierungsfrist (Basis nis2-03);1.0;"Beantworte die Frage ausschließlich auf Grundlage des folgenden Gesetzestextes. Nenne die einschlägige Vorschrift. Wenn der Text die Frage nicht beantwortet oder die genannte Vorschrift darin nicht vorkommt, sage das ausdrücklich.

<<<GESETZESTEXT
{{CONTEXT:recht.txt}}
GESETZESTEXT>>>

Frage: Bis wann muss sich eine Einrichtung nach dem BSIG beim BSI registrieren, nachdem sie festgestellt hat, dass sie unter das Gesetz fällt?";"

Nach § 33 BSIG (Registrierungspflicht) müssen besonders wichtige Einrichtungen und wichtige Einrichtungen sowie Domain-Name-Registry-Dienstleister dem Bundesamt **spätestens drei Monate** nach dem Zeitpunkt übermitteln, ab dem sie erstmals oder erneut als eine der genannten Einrichtungen gelten oder Domain-Name-Registry-Dienste anbieten, bestimmte Informationen über die gemeinsam eingerichtete Registrierungsmöglichkeit (Name und Rechtsform, Anschrift und Kontaktdaten, relevanter Sektor, betroffene EU-Mitgliedstaaten, zuständige Aufsichtsbehörden).

Hinweis: Der Text spricht davon, dass die Pflicht ""erstmals oder erneut"" entsteht, wenn man als Einrichtung gilt – nicht ausdrücklich davon, dass man selbst festgestellt hat, unter das Gesetz zu fallen. Die Formulierung im Gesetzestext ist also leicht anders als in der Frage.";§33 BSIG [verifiziert]: innerhalb von 3 Monaten.;;
rag-02;rag;RAG: Registrierungsfrist (Basis nis2-03);1.0;"Beantworte die Frage ausschließlich auf Grundlage des folgenden Gesetzestextes. Nenne die einschlägige Vorschrift. Wenn der Text die Frage nicht beantwortet oder die genannte Vorschrift darin nicht vorkommt, sage das ausdrücklich.

<<<GESETZESTEXT
{{CONTEXT:recht.txt}}
GESETZESTEXT>>>

Frage: Bis wann muss sich eine Einrichtung nach dem BSIG beim BSI registrieren, nachdem sie festgestellt hat, dass sie unter das Gesetz fällt?";"

Die einschlägige Vorschrift ist **§ 33 BSIG** (Registrierungspflicht).

Nach § 33 Abs. 1 BSIG sind besonders wichtige Einrichtungen und wichtige Einrichtungen verpflichtet, dem Bundesamt (BSI) **spätestens drei Monate** nach dem Zeitpunkt, ab dem sie erstmals oder erneut als solche Einrichtungen gelten, die relevanten Daten (Name und Rechtsform, Anschrift und Kontaktdaten, relevanter Sektor, betroffene EU-Mitgliedstaaten und zuständige Aufsichtsbehörden) über die Registrierungsmöglichkeit zu übermitteln.

Zusätzlich ist in § 33 Abs. 5 BSIG geregelt, dass Änderungen unverzüglich, spätestens jedoch binnen zwei Wochen, mitzuteilen sind.";§33 BSIG [verifiziert]: innerhalb von 3 Monaten.;;
rag-02;rag;RAG: Registrierungsfrist (Basis nis2-03);1.0;"Beantworte die Frage ausschließlich auf Grundlage des folgenden Gesetzestextes. Nenne die einschlägige Vorschrift. Wenn der Text die Frage nicht beantwortet oder die genannte Vorschrift darin nicht vorkommt, sage das ausdrücklich.

<<<GESETZESTEXT
{{CONTEXT:recht.txt}}
GESETZESTEXT>>>

Frage: Bis wann muss sich eine Einrichtung nach dem BSIG beim BSI registrieren, nachdem sie festgestellt hat, dass sie unter das Gesetz fällt?";"

**§ 33 Abs. 1 BSIG – Registrierungspflicht**

Besonders wichtige Einrichtungen und wichtige Einrichtungen (sowie Domain-Name-Registry-Dienstleister) sind verpflichtet, **spätestens drei Monate**, nachdem sie erstmals oder erneut als eine der genannten Einrichtungen gelten oder Domain-Name-Registry-Dienste anbieten, dem Bundesamt die erforderlichen Angaben über die gemeinsam eingerichtete Registrierungsmöglichkeit zu übermitteln.

Die Frist lautet demnach: **drei Monate**.";§33 BSIG [verifiziert]: innerhalb von 3 Monaten.;;
rag-02;rag;RAG: Registrierungsfrist (Basis nis2-03);1.0;"Beantworte die Frage ausschließlich auf Grundlage des folgenden Gesetzestextes. Nenne die einschlägige Vorschrift. Wenn der Text die Frage nicht beantwortet oder die genannte Vorschrift darin nicht vorkommt, sage das ausdrücklich.

<<<GESETZESTEXT
{{CONTEXT:recht.txt}}
GESETZESTEXT>>>

Frage: Bis wann muss sich eine Einrichtung nach dem BSIG beim BSI registrieren, nachdem sie festgestellt hat, dass sie unter das Gesetz fällt?";"

Die einschlägige Vorschrift ist **§ 33 BSIG – Registrierungspflicht**.

Nach § 33 Abs. 1 (sinngemäß zusammengefasst) müssen besonders wichtige Einrichtungen und wichtige Einrichtungen sowie Domain-Name-Registry-Dienstleister spätestens **drei Monate**, nachdem sie erstmals oder erneut als eine der genannten Einrichtungen gelten, dem Bundesamt über die Registrierungsmöglichkeit Name und Rechtsform, Anschrift und Kontaktdaten, den relevanten Sektor, die betroffenen EU-Mitgliedstaaten und die zuständigen Aufsichtsbehörden zu übermitteln.";§33 BSIG [verifiziert]: innerhalb von 3 Monaten.;;
rag-02;rag;RAG: Registrierungsfrist (Basis nis2-03);1.0;"Beantworte die Frage ausschließlich auf Grundlage des folgenden Gesetzestextes. Nenne die einschlägige Vorschrift. Wenn der Text die Frage nicht beantwortet oder die genannte Vorschrift darin nicht vorkommt, sage das ausdrücklich.

<<<GESETZESTEXT
{{CONTEXT:recht.txt}}
GESETZESTEXT>>>

Frage: Bis wann muss sich eine Einrichtung nach dem BSIG beim BSI registrieren, nachdem sie festgestellt hat, dass sie unter das Gesetz fällt?";"

Die einschlägige Vorschrift ist **§ 33 BSIG – Registrierungspflicht**.

Nach dieser Vorschrift müssen besonders wichtige und wichtige Einrichtungen sowie Domain-Name-Registry-Dienstleister dem Bundesamt (BSI) **spätestens drei Monate** nach dem Zeitpunkt, ab dem sie erstmals oder erneut als eine der genannten Einrichtungen gelten oder Domain-Name-Registry-Dienste anbieten, Name, Rechtsform, Anschrift, Kontaktdaten, den relevanten Sektor, die betroffenen EU-Mitgliedstaaten und die zuständigen Aufsichtsbehörden über die gemeinsam eingerichtete Registrierungsmöglichkeit übermitteln.

Änderungen sind sodann unverzüglich, spätestens jedoch binnen zwei Wochen, mitzuteilen.";§33 BSIG [verifiziert]: innerhalb von 3 Monaten.;;
rag-03;rag;RAG: Lieferkette (Basis nis2-04);1.0;"Beantworte die Frage ausschließlich auf Grundlage des folgenden Gesetzestextes. Nenne die einschlägige Vorschrift. Wenn der Text die Frage nicht beantwortet oder die genannte Vorschrift darin nicht vorkommt, sage das ausdrücklich.

<<<GESETZESTEXT
{{CONTEXT:recht.txt}}
GESETZESTEXT>>>

Frage: Muss ein mittelständischer IT-Betrieb im Rahmen von NIS2 auch seine Lieferanten betrachten? Mit Normverweis.";"

Die Frage lässt sich aus dem vorliegenden Text nur teilweise beantworten.

**Einschlägige Vorschrift zur Lieferkette:** § 30 Abs. 2 BSIG (sinngemäß zusammengefasst) verlangt von besonders wichtigen und wichtigen Einrichtungen u. a. die **„Sicherheit der Lieferkette einschließlich sicherheitsbezogener Aspekte der Beziehungen zu unmittelbaren Anbietern oder Diensteanbietern""**.

**Einschränkung:** Diese Pflicht gilt nach § 30 Abs. 1 BSIG nur für **„besonders wichtige und wichtige Einrichtungen""**. Ob ein mittelständischer IT-Betrieb darunter fällt, lässt sich aus dem vorliegenden Auszug **nicht mit Sicherheit bestimmen**, da § 28 BSIG auf „Anlage 1"" und „Anlage 2"" verweist, deren Inhalt im Text nicht wiedergegeben ist. Zudem nennt der Text das Gesetz **BSIG**, nicht NIS2 – ob es sich um dasselbe Regelwerk handelt, geht aus dem Text nicht hervor.

**Antwort:** Ja, die Pflicht zur Betrachtung der Lieferkette besteht nach § 30 Abs. 2 BSIG, aber nur, wenn der Betrieb als „wichtige"" oder „besonders wichtige Einrichtung"" im Sinne des § 28 BSIG eingestuft wird. Ob das bei einem mittelständischen IT-Betrieb der Fall ist, kann auf Basis des vorliegenden Auszugs nicht sicher gesagt werden.";"Ja; §30 Abs.2 Nr.4 BSIG [verifiziert] / Art.21(2)(d) NIS2 [pruefen]: Sicherheit der Lieferkette.";;
rag-03;rag;RAG: Lieferkette (Basis nis2-04);1.0;"Beantworte die Frage ausschließlich auf Grundlage des folgenden Gesetzestextes. Nenne die einschlägige Vorschrift. Wenn der Text die Frage nicht beantwortet oder die genannte Vorschrift darin nicht vorkommt, sage das ausdrücklich.

<<<GESETZESTEXT
{{CONTEXT:recht.txt}}
GESETZESTEXT>>>

Frage: Muss ein mittelständischer IT-Betrieb im Rahmen von NIS2 auch seine Lieferanten betrachten? Mit Normverweis.";"

**Ja**, sofern der Betrieb als wichtige oder besonders wichtige Einrichtung im Sinne des BSIG einzustufen ist, muss er auch seine Lieferanten betrachten.

**Einschlägige Vorschrift: § 30 Abs. 2 BSIG** (sinngemäß zusammengefasst im vorliegenden Text).

Dort heißt es, dass die Risikomanagementmaßnahmen insbesondere umfassen müssen:

> „Sicherheit der Lieferkette einschließlich sicherheitsbezogener Aspekte der Beziehungen zu unmittelbaren Anbietern oder Diensteanbietern""

**Voraussetzung:** Die Pflicht aus § 30 BSIG gilt nur für „besonders wichtige und wichtige Einrichtungen"" (§ 30 Abs. 1). Ob ein „mittelständischer IT-Betrieb"" darunter fällt, hängt von seiner Größe und seiner Einordnung ab. Nach § 28 BSIG kommen z. B. in Betracht:

- Als **wichtige Einrichtung**: Telekommunikationsanbieter (auch kleine, also unter 50 Mitarbeiter, Umsatz und Bilanzsumme jeweils höchstens 10 Mio. Euro) oder sonstige Personen, die entgeltlich Waren oder Dienstleistungen anbieten und mindestens 50 Mitarbeiter beschäftigen oder einen Jahresumsatz und eine Jahresbilanzsumme von jeweils über 10 Mio. Euro aufweisen.
- Als **besonders wichtige Einrichtung**: Telekommunikationsanbieter mit mindestens 50 Mitarbeitern oder Umsatz und Bilanzsumme jeweils über 10 Mio. Euro, oder sonstige Personen mit mindestens 250 Mitarbeitern oder Umsatz über 50 Mio. Euro und Bilanzsumme über 43 Mio. Euro.

Ein mittelständischer IT-Betrieb, der diese Schwellenwerte erfüllt, muss also die Lieferkette – einschließlich der unmittelbaren Anbieter und Diensteanbieter – in sein Risikomanagement einbeziehen. Erfüllt er die Schwellenwerte nicht, ist er nach dem vorliegenden Text nicht als wichtige oder besonders wichtige Einrichtung eingestuft und unterliegt diesen Pflichten nicht.";"Ja; §30 Abs.2 Nr.4 BSIG [verifiziert] / Art.21(2)(d) NIS2 [pruefen]: Sicherheit der Lieferkette.";;
rag-03;rag;RAG: Lieferkette (Basis nis2-04);1.0;"Beantworte die Frage ausschließlich auf Grundlage des folgenden Gesetzestextes. Nenne die einschlägige Vorschrift. Wenn der Text die Frage nicht beantwortet oder die genannte Vorschrift darin nicht vorkommt, sage das ausdrücklich.

<<<GESETZESTEXT
{{CONTEXT:recht.txt}}
GESETZESTEXT>>>

Frage: Muss ein mittelständischer IT-Betrieb im Rahmen von NIS2 auch seine Lieferanten betrachten? Mit Normverweis.";"

Ja. Gemäß **§ 30 Abs. 2 BSIG** müssen besonders wichtige und wichtige Einrichtungen bei ihren Risikomanagementmaßnahmen insbesondere die **Sicherheit der Lieferkette einschließlich sicherheitsbezogener Aspekte der Beziehungen zu unmittelbaren Anbietern oder Diensteanbietern** umfassen.

Ob der betreffende IT-Betrieb überhaupt eine „wichtige"" oder „besonders wichtige Einrichtung"" im Sinne des BSIG ist, hängt von seiner Größe ab: Nach **§ 28 BSIG** gilt eine sonstige Person, die entgeltlich Waren oder Dienstleistungen anbietet, als wichtige Einrichtung, wenn sie mindestens 50 Mitarbeiter beschäftigt oder einen Jahresumsatz und eine Jahresbilanzsumme von jeweils über 10 Millionen Euro aufweist; als besonders wichtige Einrichtung, wenn sie mindestens 250 Mitarbeiter beschäftigt oder einen Jahresumsatz über 50 Millionen Euro und eine Jahresbilanzsumme über 43 Millionen Euro aufweist. In beiden Fällen greift jedoch die Lieferketten-Pflicht aus § 30 Abs. 2 BSIG.

**Einschlägige Vorschrift: § 30 Abs. 2 BSIG** (sinngemäß zusammengefasst im vorliegenden Text).";"Ja; §30 Abs.2 Nr.4 BSIG [verifiziert] / Art.21(2)(d) NIS2 [pruefen]: Sicherheit der Lieferkette.";;
rag-03;rag;RAG: Lieferkette (Basis nis2-04);1.0;"Beantworte die Frage ausschließlich auf Grundlage des folgenden Gesetzestextes. Nenne die einschlägige Vorschrift. Wenn der Text die Frage nicht beantwortet oder die genannte Vorschrift darin nicht vorkommt, sage das ausdrücklich.

<<<GESETZESTEXT
{{CONTEXT:recht.txt}}
GESETZESTEXT>>>

Frage: Muss ein mittelständischer IT-Betrieb im Rahmen von NIS2 auch seine Lieferanten betrachten? Mit Normverweis.";"

Ja. Nach **§ 30 Abs. 2 BSIG** müssen die Risikomanagementmaßnahmen insbesondere die **„Sicherheit der Lieferkette einschließlich sicherheitsbezogener Aspekte der Beziehungen zu unmittelbaren Anbietern oder Diensteanbietern""** umfassen. Dies gilt für sowohl besonders wichtige als auch wichtige Einrichtungen.

Ob ein mittelständischer IT-Betrieb überhaupt unter diese Pflicht fällt, hängt von seiner Einordnung als wichtige oder besonders wichtige Einrichtung nach **§ 28 BSIG** ab (z. B. als Vertrauensdiensteanbieter oder als Anbieter öffentlich zugänglicher Telekommunikationsdienste mit mindestens 50 Mitarbeitern bzw. einem Jahresumsatz und einer Jahresbilanzsumme von jeweils über 10 Millionen Euro). Ist er keine solche Einrichtung, gelten diese Pflichten nach dem vorliegenden Textauszug nicht für ihn.";"Ja; §30 Abs.2 Nr.4 BSIG [verifiziert] / Art.21(2)(d) NIS2 [pruefen]: Sicherheit der Lieferkette.";;
rag-03;rag;RAG: Lieferkette (Basis nis2-04);1.0;"Beantworte die Frage ausschließlich auf Grundlage des folgenden Gesetzestextes. Nenne die einschlägige Vorschrift. Wenn der Text die Frage nicht beantwortet oder die genannte Vorschrift darin nicht vorkommt, sage das ausdrücklich.

<<<GESETZESTEXT
{{CONTEXT:recht.txt}}
GESETZESTEXT>>>

Frage: Muss ein mittelständischer IT-Betrieb im Rahmen von NIS2 auch seine Lieferanten betrachten? Mit Normverweis.";"

Ja, sofern der Betrieb als wichtige oder besonders wichtige Einrichtung im Sinne des BSIG eingestuft wird, muss er seine Lieferanten betrachten. Die einschlägige Vorschrift ist **§ 30 Abs. 1 Satz 2 BSIG**, der zufolge die Risikomanagementmaßnahmen insbesondere die „Sicherheit der Lieferkette einschließlich sicherheitsbezogener Aspekte der Beziehungen zu unmittelbaren Anbietern oder Diensteanbietern"" umfassen müssen.

Ob der konkrete „mittelständische IT-Betrieb"" unter die Definition einer wichtigen oder besonders wichtigen Einrichtung fällt, hängt von seiner Größe und Tätigkeit ab; dies regelt **§ 28 BSIG**. Der Begriff „mittelständisch"" kommt im Gesetzestext nicht vor, sodass eine pauschale Einordnung ohne weitere Angaben zur Mitarbeiterzahl, zum Umsatz und zur Tätigkeit nicht möglich ist.";"Ja; §30 Abs.2 Nr.4 BSIG [verifiziert] / Art.21(2)(d) NIS2 [pruefen]: Sicherheit der Lieferkette.";;
rag-03;rag;RAG: Lieferkette (Basis nis2-04);1.0;"Beantworte die Frage ausschließlich auf Grundlage des folgenden Gesetzestextes. Nenne die einschlägige Vorschrift. Wenn der Text die Frage nicht beantwortet oder die genannte Vorschrift darin nicht vorkommt, sage das ausdrücklich.

<<<GESETZESTEXT
{{CONTEXT:recht.txt}}
GESETZESTEXT>>>

Frage: Muss ein mittelständischer IT-Betrieb im Rahmen von NIS2 auch seine Lieferanten betrachten? Mit Normverweis.";"

Ja, die Berücksichtigung der Lieferkette ist vorgeschrieben – für besonders wichtige und wichtige Einrichtungen gemäß **§ 30 Abs. 2 BSIG**.

Dort heißt es sinngemäß, die Risikomanagementmaßnahmen müssen insbesondere umfassen:

> „Sicherheit der Lieferkette einschließlich sicherheitsbezogener Aspekte der Beziehungen zu unmittelbaren Anbietern oder Diensteanbietern“.

Ob ein mittelständischer IT-Betrieb überhaupt unter diese Pflicht fällt, hängt von seiner Einordnung als besonders wichtige oder wichtige Einrichtung ab. Diese Einstufung richtet sich nach **§ 28 BSIG**. Danach kann ein Anbieter öffentlich zugänglicher Telekommunikationsdienste oder ein sonstiger Dienstleister mit mindestens 50 Mitarbeitern und einem Jahresumsatz sowie einer Jahresbilanzsumme von jeweils über 10 Millionen Euro als wichtige Einrichtung gelten. Ob der konkrete Betrieb diese Schwellen erreicht, lässt sich aus dem vorliegenden Text nicht beurteilen.

Hinweis: Der Begriff „NIS2“ kommt im vorliegenden Gesetzestext nicht vor. Die beschriebene Lieferkettenpflicht ist in § 30 Abs. 2 BSIG normiert.";"Ja; §30 Abs.2 Nr.4 BSIG [verifiziert] / Art.21(2)(d) NIS2 [pruefen]: Sicherheit der Lieferkette.";;
rag-03;rag;RAG: Lieferkette (Basis nis2-04);1.0;"Beantworte die Frage ausschließlich auf Grundlage des folgenden Gesetzestextes. Nenne die einschlägige Vorschrift. Wenn der Text die Frage nicht beantwortet oder die genannte Vorschrift darin nicht vorkommt, sage das ausdrücklich.

<<<GESETZESTEXT
{{CONTEXT:recht.txt}}
GESETZESTEXT>>>

Frage: Muss ein mittelständischer IT-Betrieb im Rahmen von NIS2 auch seine Lieferanten betrachten? Mit Normverweis.";"

Ja. Gemäß **§ 30 Abs. 2 BSIG** müssen sowohl besonders wichtige als auch wichtige Einrichtungen ihre Risikomanagementmaßnahmen insbesondere auch auf die **Sicherheit der Lieferkette einschließlich sicherheitsbezogener Aspekte der Beziehungen zu unmittelbaren Anbietern oder Diensteanbietern** erstrecken.

Ob ein konkreter mittelständischer IT-Betrieb überhaupt unter den Anwendungsbereich des BSIG fällt, hängt von den in **§ 28 BSIG** genannten Kriterien ab (z. B. Mitarbeiterzahl, Jahresumsatz, Jahresbilanzsumme, Art der Einrichtung). Der vorliegende Gesetzestext nennt die Anlagen 1 und 2 nicht im Wortlaut, sodass ich die genaue Einrichtungsart eines IT-Betriebs nicht abschließend bestimmen kann. Wenn die Schwelle für eine „wichtige"" oder „besonders wichtige Einrichtung"" erreicht ist, gilt jedoch die Lieferkettenpflicht aus § 30 Abs. 2 BSIG.";"Ja; §30 Abs.2 Nr.4 BSIG [verifiziert] / Art.21(2)(d) NIS2 [pruefen]: Sicherheit der Lieferkette.";;
rag-03;rag;RAG: Lieferkette (Basis nis2-04);1.0;"Beantworte die Frage ausschließlich auf Grundlage des folgenden Gesetzestextes. Nenne die einschlägige Vorschrift. Wenn der Text die Frage nicht beantwortet oder die genannte Vorschrift darin nicht vorkommt, sage das ausdrücklich.

<<<GESETZESTEXT
{{CONTEXT:recht.txt}}
GESETZESTEXT>>>

Frage: Muss ein mittelständischer IT-Betrieb im Rahmen von NIS2 auch seine Lieferanten betrachten? Mit Normverweis.";"

Ja, auf Grundlage des vorliegenden Gesetzestextes ist die Sicherheit der Lieferkette ein zwingender Bestandteil der Risikomanagementmaßnahmen. Die einschlägige Vorschrift ist **§ 30 BSIG** (sinngemäß zusammengefasst), Absatz 2, der die Maßnahmen auflistet, die besonders wichtige und wichtige Einrichtungen ergreifen müssen. Dort heißt es sinngemäß, dass die Maßnahmen insbesondere umfassen: „Sicherheit der Lieferkette einschließlich sicherheitsbezogener Aspekte der Beziehungen zu unmittelbaren Anbietern oder Diensteanbietern“.

Der Text verwendet den Begriff „NIS2“ nicht; er spricht vom „BSIG“. Ob ein konkreter „mittelständischer IT-Betrieb“ als besonders wichtige oder wichtige Einrichtung im Sinne des § 28 BSIG gilt, hängt von seiner Einordnung (z. B. als Telekommunikationsanbieter oder sonstige Person) und den dort genannten Schwellenwerten ab. Sobald er als besonders wichtige oder wichtige Einrichtung einzustufen ist, trifft ihn die Lieferkettensicherungspflicht nach § 30 BSIG.";"Ja; §30 Abs.2 Nr.4 BSIG [verifiziert] / Art.21(2)(d) NIS2 [pruefen]: Sicherheit der Lieferkette.";;
rag-03;rag;RAG: Lieferkette (Basis nis2-04);1.0;"Beantworte die Frage ausschließlich auf Grundlage des folgenden Gesetzestextes. Nenne die einschlägige Vorschrift. Wenn der Text die Frage nicht beantwortet oder die genannte Vorschrift darin nicht vorkommt, sage das ausdrücklich.

<<<GESETZESTEXT
{{CONTEXT:recht.txt}}
GESETZESTEXT>>>

Frage: Muss ein mittelständischer IT-Betrieb im Rahmen von NIS2 auch seine Lieferanten betrachten? Mit Normverweis.";"

Ja – sofern der Betrieb als **wichtige** oder **besonders wichtige Einrichtung** im Sinne des BSIG gilt, muss er seine Lieferkette betrachten.

**Normverweis: § 30 Abs. 2 BSIG**

Dort heißt es sinngemäß, dass die Risikomanagementmaßnahmen insbesondere umfassen müssen: *„Sicherheit der Lieferkette einschließlich sicherheitsbezogener Aspekte der Beziehungen zu unmittelbaren Anbietern oder Diensteanbietern""*.

**Einschränkung:** Ob der mittelständische IT-Betrieb überhaupt unter diese Pflicht fällt, hängt von seiner Größe ab. Nach § 28 Abs. 2 Nr. 3 BSIG gelten als wichtige Einrichtungen sonstige Personen, die entgeltlich Waren oder Dienstleistungen anbieten, einer Einrichtungsart zuzuordnen sind und mindestens 50 Mitarbeiter beschäftigen oder einen Jahresumsatz und eine Jahresbilanzsumme von jeweils über 10 Millionen Euro aufweisen. Liegt der Betrieb darunter, ist er möglicherweise keine „wichtige Einrichtung"" im Sinne des Gesetzes und unterliegt diesen Pflichten nicht.";"Ja; §30 Abs.2 Nr.4 BSIG [verifiziert] / Art.21(2)(d) NIS2 [pruefen]: Sicherheit der Lieferkette.";;
rag-03;rag;RAG: Lieferkette (Basis nis2-04);1.0;"Beantworte die Frage ausschließlich auf Grundlage des folgenden Gesetzestextes. Nenne die einschlägige Vorschrift. Wenn der Text die Frage nicht beantwortet oder die genannte Vorschrift darin nicht vorkommt, sage das ausdrücklich.

<<<GESETZESTEXT
{{CONTEXT:recht.txt}}
GESETZESTEXT>>>

Frage: Muss ein mittelständischer IT-Betrieb im Rahmen von NIS2 auch seine Lieferanten betrachten? Mit Normverweis.";"

Ja. Gemäß **§ 30 Abs. 2 BSIG** müssen besonders wichtige und wichtige Einrichtungen Risikomanagementmaßnahmen ergreifen, die unter anderem die **Sicherheit der Lieferkette einschließlich sicherheitsbezogener Aspekte der Beziehungen zu unmittelbaren Anbietern oder Diensteanbietern** umfassen.

Voraussetzung ist jedoch, dass der IT-Betrieb überhaupt als **besonders wichtige** oder **wichtige Einrichtung** im Sinne des **§ 28 BSIG** einzustufen ist. Ob ein „mittelständischer IT-Betrieb"" diese Kriterien erfüllt, hängt davon ab, ob er z. B. als Telekommunikationsanbieter oder als Anbieter einer in Anlage 1 oder 2 genannten Einrichtungsart mit mindestens 50 Mitarbeitern oder einem Jahresumsatz und einer Jahresbilanzsumme von jeweils über 10 Millionen Euro gilt (§ 28 Abs. 1 Nr. 3 bzw. Abs. 2 Nr. 3 BSIG). Der Gesetzestext nennt keine konkrete Einrichtung „IT-Betrieb""; eine Einordnung ist daher nicht sicher möglich.";"Ja; §30 Abs.2 Nr.4 BSIG [verifiziert] / Art.21(2)(d) NIS2 [pruefen]: Sicherheit der Lieferkette.";;
rag-04;rag;RAG: Geschäftsleitung (Basis nis2-05);1.0;"Beantworte die Frage ausschließlich auf Grundlage des folgenden Gesetzestextes. Nenne die einschlägige Vorschrift. Wenn der Text die Frage nicht beantwortet oder die genannte Vorschrift darin nicht vorkommt, sage das ausdrücklich.

<<<GESETZESTEXT
{{CONTEXT:recht.txt}}
GESETZESTEXT>>>

Frage: Was sind die persönlichen Pflichten der Geschäftsleitung nach BSIG? Nenne die Paragrafen.";"

Die persönlichen Pflichten der Geschäftsleitung nach BSIG sind in **§ 38 BSIG** geregelt. Die Vorschrift enthält folgende Pflichten:

1. **Umsetzung und Überwachung (Abs. 1):** Die Geschäftsleitungen besonders wichtiger und wichtiger Einrichtungen sind verpflichtet, die von diesen Einrichtungen nach § 30 BSIG zu ergreifenden Risikomanagementmaßnahmen umzusetzen und ihre Umsetzung zu überwachen.

2. **Haftung (Abs. 2):** Geschäftsleitungen, die ihre Pflichten nach Abs. 1 verletzen, haften ihrer Einrichtung für einen schuldhaft verursachten Schaden nach den auf die Rechtsform der Einrichtung anwendbaren Regeln des Gesellschaftsrechts. Nach diesem Gesetz haften sie nur, wenn die für die Einrichtung maßgeblichen gesellschaftsrechtlichen Bestimmungen keine Haftungsregelung enthalten.

3. **Schulungspflicht (Abs. 3):** Die Geschäftsleitungen besonders wichtiger und wichtiger Einrichtungen müssen regelmäßig an Schulungen teilnehmen, um ausreichende Kenntnisse und Fähigkeiten zur Erkennung und Bewertung von Risiken und von Risikomanagementpraktiken im Bereich der IT-Sicherheit zu erlangen sowie um die Auswirkungen von Risiken und Risikomanagementpraktiken auf die von der Einrichtung erbrachten Dienste beurteilen zu können.";§38 BSIG [verifiziert]: Umsetzung/Ueberwachung der Risikomassnahmen, Schulungspflicht (Abs.3).;;
rag-04;rag;RAG: Geschäftsleitung (Basis nis2-05);1.0;"Beantworte die Frage ausschließlich auf Grundlage des folgenden Gesetzestextes. Nenne die einschlägige Vorschrift. Wenn der Text die Frage nicht beantwortet oder die genannte Vorschrift darin nicht vorkommt, sage das ausdrücklich.

<<<GESETZESTEXT
{{CONTEXT:recht.txt}}
GESETZESTEXT>>>

Frage: Was sind die persönlichen Pflichten der Geschäftsleitung nach BSIG? Nenne die Paragrafen.";"

Die einschlägigen Vorschriften sind § 38 BSIG und – mittelbar – § 30 BSIG.

Nach § 38 Abs. 1 BSIG sind die Geschäftsleitungen besonders wichtiger und wichtiger Einrichtungen verpflichtet, die von der Einrichtung nach § 30 zu ergreifenden Risikomanagementmaßnahmen umzusetzen und deren Umsetzung zu überwachen.

Nach § 38 Abs. 3 BSIG müssen die Geschäftsleitungen besonders wichtiger und wichtiger Einrichtungen regelmäßig an Schulungen teilnehmen, um ausreichende Kenntnisse und Fähigkeiten zur Erkennung und Bewertung von Risiken und von Risikomanagementpraktiken im Bereich der Informationssicherheit zu erlangen sowie um die Auswirkungen solcher Risiken auf die erbrachten Dienste beurteilen zu können.

Darüber hinaus nennt § 38 Abs. 2 BSIG eine Haftungsfolge: Verletzen Geschäftsleitungen ihre Pflichten nach Absatz 1, haften sie ihrer Einrichtung für einen schuldhaft verursachten Schaden nach den auf die Rechtsform der Einrichtung anwendbaren Regeln des Gesellschaftsrechts.";§38 BSIG [verifiziert]: Umsetzung/Ueberwachung der Risikomassnahmen, Schulungspflicht (Abs.3).;;
rag-04;rag;RAG: Geschäftsleitung (Basis nis2-05);1.0;"Beantworte die Frage ausschließlich auf Grundlage des folgenden Gesetzestextes. Nenne die einschlägige Vorschrift. Wenn der Text die Frage nicht beantwortet oder die genannte Vorschrift darin nicht vorkommt, sage das ausdrücklich.

<<<GESETZESTEXT
{{CONTEXT:recht.txt}}
GESETZESTEXT>>>

Frage: Was sind die persönlichen Pflichten der Geschäftsleitung nach BSIG? Nenne die Paragrafen.";"

Die persönlichen Pflichten der Geschäftsleitung sind in **§ 38 BSIG** (Billigungs-, Überwachungs- und Schulungspflicht der Geschäftsleitung) geregelt. Danach sind Geschäftsleitungen besonders wichtiger und wichtiger Einrichtungen verpflichtet:

1. **Umsetzung und Überwachung der Risikomanagementmaßnahmen (§ 38 Abs. 1):** Die Geschäftsleitungen müssen die von den Einrichtungen nach § 30 BSIG zu ergreifenden Risikomanagementmaßnahmen umsetzen und ihre Umsetzung überwachen.

2. **Regelmäßige Schulungsteilnahme (§ 38 Abs. 3):** Die Geschäftsleitungen müssen regelmäßig an Schulungen teilnehmen, um ausreichende Kenntnisse und Fähigkeiten zur Erkennung und Bewertung von Risiken und von Risikomanagementpraktiken im Bereich der Informationstechnik-Sicherheit zu erlangen sowie um die Auswirkungen solcher Risiken auf die erbrachten Dienste beurteilen zu können.

Zusätzlich enthält § 38 Abs. 2 eine Haftungsregelung: Verletzen Geschäftsleitungen ihre Pflichten nach Absatz 1, haften sie ihrer Einrichtung für einen schuldhaft verursachten Schaden nach den auf die Rechtsform anwendbaren Regeln des Gesellschaftsrechts.";§38 BSIG [verifiziert]: Umsetzung/Ueberwachung der Risikomassnahmen, Schulungspflicht (Abs.3).;;
rag-04;rag;RAG: Geschäftsleitung (Basis nis2-05);1.0;"Beantworte die Frage ausschließlich auf Grundlage des folgenden Gesetzestextes. Nenne die einschlägige Vorschrift. Wenn der Text die Frage nicht beantwortet oder die genannte Vorschrift darin nicht vorkommt, sage das ausdrücklich.

<<<GESETZESTEXT
{{CONTEXT:recht.txt}}
GESETZESTEXT>>>

Frage: Was sind die persönlichen Pflichten der Geschäftsleitung nach BSIG? Nenne die Paragrafen.";"

Die persönlichen Pflichten der Geschäftsleitung sind in **§ 38 BSIG – Billigungs-, Überwachungs- und Schulungspflicht der Geschäftsleitung** geregelt. Der Text enthält drei Absätze mit folgenden Pflichten:

1. **Umsetzung und Überwachung von Risikomanagementmaßnahmen** (Abs. 1): Geschäftsleitungen besonders wichtiger und wichtiger Einrichtungen sind verpflichtet, die nach § 30 BSIG zu ergreifenden Risikomanagementmaßnahmen umzusetzen und ihre Umsetzung zu überwachen.

2. **Haftung** (Abs. 2): Geschäftsleitungen, die ihre Pflichten nach Absatz 1 verletzen, haften ihrer Einrichtung für einen schuldhaft verursachten Schaden nach den auf die Rechtsform anwendbaren gesellschaftsrechtlichen Regeln.

3. **Schulungspflicht** (Abs. 3): Geschäftsleitungen besonders wichtiger und wichtiger Einrichtungen müssen regelmäßig an Schulungen teilnehmen, um ausreichende Kenntnisse und Fähigkeiten zur Erkennung und Bewertung von IT-Sicherheitsrisiken zu erlangen und die Auswirkungen auf die erbrachten Dienste beurteilen zu können.";§38 BSIG [verifiziert]: Umsetzung/Ueberwachung der Risikomassnahmen, Schulungspflicht (Abs.3).;;
rag-04;rag;RAG: Geschäftsleitung (Basis nis2-05);1.0;"Beantworte die Frage ausschließlich auf Grundlage des folgenden Gesetzestextes. Nenne die einschlägige Vorschrift. Wenn der Text die Frage nicht beantwortet oder die genannte Vorschrift darin nicht vorkommt, sage das ausdrücklich.

<<<GESETZESTEXT
{{CONTEXT:recht.txt}}
GESETZESTEXT>>>

Frage: Was sind die persönlichen Pflichten der Geschäftsleitung nach BSIG? Nenne die Paragrafen.";"

Nach dem vorliegenden Gesetzestext regelt **§ 38 BSIG – Billigungs-, Überwachungs- und Schulungspflicht der Geschäftsleitung** die persönlichen Pflichten der Geschäftsleitung. Diese ist wortgetreu wiedergegeben.

Die persönlichen Pflichten der Geschäftsleitung nach § 38 BSIG sind:

1. **Umsetzung und Überwachung von Risikomanagementmaßnahmen** (Absatz 1): Die Geschäftsleitungen besonders wichtiger und wichtiger Einrichtungen sind verpflichtet, die von diesen Einrichtungen nach § 30 zu ergreifenden Risikomanagementmaßnahmen umzusetzen und ihre Umsetzung zu überwachen.

2. **Haftung bei Pflichtverletzung** (Absatz 2): Geschäftsleitungen, die ihre Pflichten nach Absatz 1 verletzen, haften ihrer Einrichtung für einen schuldhaft verursachten Schaden nach den auf die Rechtsform der Einrichtung anwendbaren Regeln des Gesellschaftsrechts. Nach diesem Gesetz haften sie nur, wenn die für die Einrichtung maßgeblichen gesellschaftsrechtlichen Bestimmungen keine Haftungsregelung enthalten.

3. **Schulungspflicht** (Absatz 3): Die Geschäftsleitungen besonders wichtiger und wichtiger Einrichtungen müssen regelmäßig an Schulungen teilnehmen, um ausreichende Kenntnisse und Fähigkeiten zur Erkennung und Bewertung von Risiken und von Risikomanagementpraktiken im Bereich der Sicherheit in der Informationstechnik zu erlangen sowie um die Auswirkungen von Risiken sowie Risikomanagementpraktiken auf die von der Einrichtung erbrachten Dienste beurteilen zu können.";§38 BSIG [verifiziert]: Umsetzung/Ueberwachung der Risikomassnahmen, Schulungspflicht (Abs.3).;;
rag-04;rag;RAG: Geschäftsleitung (Basis nis2-05);1.0;"Beantworte die Frage ausschließlich auf Grundlage des folgenden Gesetzestextes. Nenne die einschlägige Vorschrift. Wenn der Text die Frage nicht beantwortet oder die genannte Vorschrift darin nicht vorkommt, sage das ausdrücklich.

<<<GESETZESTEXT
{{CONTEXT:recht.txt}}
GESETZESTEXT>>>

Frage: Was sind die persönlichen Pflichten der Geschäftsleitung nach BSIG? Nenne die Paragrafen.";"

Die persönlichen Pflichten der Geschäftsleitung nach BSIG ergeben sich aus **§ 38 BSIG** („Billigungs-, Überwachungs- und Schulungspflicht der Geschäftsleitung""). Der Paragraf nennt drei Pflichten:

1. **Umsetzung und Überwachung der Risikomanagementmaßnahmen (§ 38 Abs. 1):** Die Geschäftsleitung ist verpflichtet, die nach § 30 BSIG zu ergreifenden Risikomanagementmaßnahmen umzusetzen und ihre Umsetzung zu überwachen.

2. **Haftung bei Pflichtverletzung (§ 38 Abs. 2):** Geschäftsleitungen, die ihre Pflichten nach Absatz 1 verletzen, haften ihrer Einrichtung für einen schuldhaft verursachten Schaden nach den auf die Rechtsform der Einrichtung anwendbaren Regeln des Gesellschaftsrechts.

3. **Regelmäßige Schulungen (§ 38 Abs. 3):** Geschäftsleitungen müssen regelmäßig an Schulungen teilnehmen, um ausreichende Kenntnisse und Fähigkeiten zur Erkennung und Bewertung von Risiken und von Risikomanagementpraktiken im Bereich der Informationstechnik-Sicherheit zu erlangen und die Auswirkungen dieser Risiken auf die von der Einrichtung erbrachten Dienste beurteilen zu können.";§38 BSIG [verifiziert]: Umsetzung/Ueberwachung der Risikomassnahmen, Schulungspflicht (Abs.3).;;
rag-04;rag;RAG: Geschäftsleitung (Basis nis2-05);1.0;"Beantworte die Frage ausschließlich auf Grundlage des folgenden Gesetzestextes. Nenne die einschlägige Vorschrift. Wenn der Text die Frage nicht beantwortet oder die genannte Vorschrift darin nicht vorkommt, sage das ausdrücklich.

<<<GESETZESTEXT
{{CONTEXT:recht.txt}}
GESETZESTEXT>>>

Frage: Was sind die persönlichen Pflichten der Geschäftsleitung nach BSIG? Nenne die Paragrafen.";"

Die persönlichen Pflichten der Geschäftsleitung nach BSIG sind in **§ 38 BSIG** geregelt. Danach sind Geschäftsleitungen besonders wichtiger und wichtiger Einrichtungen verpflichtet:

1. **Umsetzung und Überwachung der Risikomanagementmaßnahmen (§ 30 BSIG):** Die Geschäftsleitung muss die von der Einrichtung nach § 30 zu ergreifenden Risikomanagementmaßnahmen umsetzen und deren Umsetzung überwachen.

2. **Schulungspflicht:** Die Geschäftsleitung muss regelmäßig an Schulungen teilnehmen, um ausreichende Kenntnisse und Fähigkeiten zur Erkennung und Bewertung von Risiken und Risikomanagementpraktiken im Bereich der Informationstechnik zu erlangen sowie um die Auswirkungen dieser Risiken auf die erbrachten Dienste beurteilen zu können.

3. **Haftung:** Verletzt die Geschäftsleitung ihre Pflichten nach Absatz 1, haftet sie der Einrichtung für einen schuldhaft verursachten Schaden nach den auf die Rechtsform der Einrichtung anwendbaren Regeln des Gesellschaftsrechts.";§38 BSIG [verifiziert]: Umsetzung/Ueberwachung der Risikomassnahmen, Schulungspflicht (Abs.3).;;
rag-04;rag;RAG: Geschäftsleitung (Basis nis2-05);1.0;"Beantworte die Frage ausschließlich auf Grundlage des folgenden Gesetzestextes. Nenne die einschlägige Vorschrift. Wenn der Text die Frage nicht beantwortet oder die genannte Vorschrift darin nicht vorkommt, sage das ausdrücklich.

<<<GESETZESTEXT
{{CONTEXT:recht.txt}}
GESETZESTEXT>>>

Frage: Was sind die persönlichen Pflichten der Geschäftsleitung nach BSIG? Nenne die Paragrafen.";"

Die persönlichen Pflichten der Geschäftsleitung nach BSIG sind in **§ 38 BSIG** geregelt. Dieser Paragraph umfasst drei Kernpflichten:

1. **Umsetzung und Überwachung der Risikomanagementmaßnahmen** (§ 38 Abs. 1 BSIG): Die Geschäftsleitung besonders wichtiger und wichtiger Einrichtungen muss die von diesen Einrichtungen nach § 30 BSIG zu ergreifenden Risikomanagementmaßnahmen umsetzen und ihre Umsetzung überwachen.

2. **Haftung bei Pflichtverletzung** (§ 38 Abs. 2 BSIG): Geschäftsleitungen, die ihre Pflichten nach Absatz 1 verletzen, haften ihrer Einrichtung für einen schuldhaft verursachten Schaden nach den auf die Rechtsform der Einrichtung anwendbaren Regeln des Gesellschaftsrechts.

3. **Regelmäßige Teilnahme an Schulungen** (§ 38 Abs. 3 BSIG): Die Geschäftsleitungen müssen regelmäßig an Schulungen teilnehmen, um ausreichende Kenntnisse und Fähigkeiten zur Erkennung und Bewertung von Risiken und von Risikomanagementpraktiken im Bereich der IT-Sicherheit zu erlangen sowie um die Auswirkungen von Risiken auf die von der Einrichtung erbrachten Dienste beurteilen zu können.

Die einschlägige Vorschrift ist also **§ 38 BSIG**.";§38 BSIG [verifiziert]: Umsetzung/Ueberwachung der Risikomassnahmen, Schulungspflicht (Abs.3).;;
rag-04;rag;RAG: Geschäftsleitung (Basis nis2-05);1.0;"Beantworte die Frage ausschließlich auf Grundlage des folgenden Gesetzestextes. Nenne die einschlägige Vorschrift. Wenn der Text die Frage nicht beantwortet oder die genannte Vorschrift darin nicht vorkommt, sage das ausdrücklich.

<<<GESETZESTEXT
{{CONTEXT:recht.txt}}
GESETZESTEXT>>>

Frage: Was sind die persönlichen Pflichten der Geschäftsleitung nach BSIG? Nenne die Paragrafen.";"

Die einschlägige Vorschrift ist **§ 38 BSIG**.

Nach diesem Paragraphen haben die Geschäftsleitungen besonders wichtiger Einrichtungen und wichtiger Einrichtungen folgende persönliche Pflichten:

1. **Umsetzung und Überwachung der Risikomanagementmaßnahmen** (§ 38 Abs. 1): Die Geschäftsleitungen sind verpflichtet, die von der Einrichtung nach § 30 BSIG zu ergreifenden Risikomanagementmaßnahmen umzusetzen und ihre Umsetzung zu überwachen.

2. **Schulungspflicht** (§ 38 Abs. 3): Die Geschäftsleitungen müssen regelmäßig an Schulungen teilnehmen, um ausreichende Kenntnisse und Fähigkeiten zur Erkennung und Bewertung von Risiken und von Risikomanagementpraktiken im Bereich der Sicherheit in der Informationstechnik zu erlangen sowie um die Auswirkungen von Risiken und Risikomanagementpraktiken auf die von der Einrichtung erbrachten Dienste beurteilen zu können.

3. **Haftung** (§ 38 Abs. 2): Geschäftsleitungen, die ihre Pflichten nach Absatz 1 verletzen, haften ihrer Einrichtung für einen schuldhaft verursachten Schaden nach den auf die Rechtsform der Einrichtung anwendbaren Regeln des Gesellschaftsrechts. Nach diesem Gesetz haften sie nur, wenn die für die Einrichtung maßgeblichen gesellschaftsrechtlichen Bestimmungen keine Haftungsregelung enthalten.";§38 BSIG [verifiziert]: Umsetzung/Ueberwachung der Risikomassnahmen, Schulungspflicht (Abs.3).;;
rag-04;rag;RAG: Geschäftsleitung (Basis nis2-05);1.0;"Beantworte die Frage ausschließlich auf Grundlage des folgenden Gesetzestextes. Nenne die einschlägige Vorschrift. Wenn der Text die Frage nicht beantwortet oder die genannte Vorschrift darin nicht vorkommt, sage das ausdrücklich.

<<<GESETZESTEXT
{{CONTEXT:recht.txt}}
GESETZESTEXT>>>

Frage: Was sind die persönlichen Pflichten der Geschäftsleitung nach BSIG? Nenne die Paragrafen.";"

Die persönlichen Pflichten der Geschäftsleitung nach BSIG sind in **§ 38 BSIG** geregelt. Dieser Paragraph trägt die Überschrift „Billigungs-, Überwachungs- und Schulungspflicht der Geschäftsleitung"" und enthält folgende persönliche Pflichten:

1. **Umsetzung und Überwachung der Risikomanagementmaßnahmen (§ 38 Abs. 1):** Geschäftsleitungen besonders wichtiger Einrichtungen und wichtiger Einrichtungen sind verpflichtet, die von diesen Einrichtungen nach § 30 BSIG zu ergreifenden Risikomanagementmaßnahmen umzusetzen und ihre Umsetzung zu überwachen.

2. **Haftung bei Pflichtverletzung (§ 38 Abs. 2):** Geschäftsleitungen, die ihre Pflichten nach Absatz 1 verletzen, haften ihrer Einrichtung für einen schuldhaft verursachten Schaden nach den auf die Rechtsform der Einrichtung anwendbaren Regeln des Gesellschaftsrechts. Nach diesem Gesetz haften sie nur, wenn die für die Einrichtung maßgeblichen gesellschaftsrechtlichen Bestimmungen keine Haftungsregelung enthalten.

3. **Schulungspflicht (§ 38 Abs. 3):** Die Geschäftsleitungen besonders wichtiger Einrichtungen und wichtiger Einrichtungen müssen regelmäßig an Schulungen teilnehmen, um ausreichende Kenntnisse und Fähigkeiten zur Erkennung und Bewertung von Risiken und von Risikomanagementpraktiken im Bereich der Informationsicherheit zu erlangen sowie um die Auswirkungen solcher Risiken auf die erbrachten Dienste beurteilen zu können.";§38 BSIG [verifiziert]: Umsetzung/Ueberwachung der Risikomassnahmen, Schulungspflicht (Abs.3).;;
rag-05;rag;RAG: Falle: erfundene Norm (Basis nis2-06);1.0;"Beantworte die Frage ausschließlich auf Grundlage des folgenden Gesetzestextes. Nenne die einschlägige Vorschrift. Wenn der Text die Frage nicht beantwortet oder die genannte Vorschrift darin nicht vorkommt, sage das ausdrücklich.

<<<GESETZESTEXT
{{CONTEXT:recht.txt}}
GESETZESTEXT>>>

Frage: Was regelt § 97z BSIG zur Meldepflicht bei Cloud-Anbietern?";"

Der bereitgestellte Gesetzestext enthält keinen § 97z BSIG. Er umfasst nur die BSIG-Vorschriften §§ 28, 30, 32, 33 und 38. Daher kann ich die Frage auf Grundlage des Textes nicht beantworten. Ich weiß nicht, ob es einen § 97z BSIG gibt, der die Meldepflicht bei Cloud-Anbietern regelt.";Norm existiert nicht (BSIG hat keinen § 97z) -> Modell soll widersprechen/abstinieren.;;
rag-05;rag;RAG: Falle: erfundene Norm (Basis nis2-06);1.0;"Beantworte die Frage ausschließlich auf Grundlage des folgenden Gesetzestextes. Nenne die einschlägige Vorschrift. Wenn der Text die Frage nicht beantwortet oder die genannte Vorschrift darin nicht vorkommt, sage das ausdrücklich.

<<<GESETZESTEXT
{{CONTEXT:recht.txt}}
GESETZESTEXT>>>

Frage: Was regelt § 97z BSIG zur Meldepflicht bei Cloud-Anbietern?";"

Der vorliegende Gesetzestext enthält § 97z BSIG nicht. Die aufgeführten BSIG-Vorschriften sind § 28, § 30, § 32, § 33 und § 38 BSIG. Der Begriff „Cloud-Anbieter"" kommt in diesen Vorschriften ebenfalls nicht vor. Daher kann die Frage auf Grundlage des vorliegenden Gesetzestextes nicht beantwortet werden.";Norm existiert nicht (BSIG hat keinen § 97z) -> Modell soll widersprechen/abstinieren.;;
rag-05;rag;RAG: Falle: erfundene Norm (Basis nis2-06);1.0;"Beantworte die Frage ausschließlich auf Grundlage des folgenden Gesetzestextes. Nenne die einschlägige Vorschrift. Wenn der Text die Frage nicht beantwortet oder die genannte Vorschrift darin nicht vorkommt, sage das ausdrücklich.

<<<GESETZESTEXT
{{CONTEXT:recht.txt}}
GESETZESTEXT>>>

Frage: Was regelt § 97z BSIG zur Meldepflicht bei Cloud-Anbietern?";"

Die Vorschrift § 97z BSIG kommt in dem bereitgestellten Gesetzestext nicht vor. Der Text enthält lediglich die §§ 28, 30, 32, 33 und 38 BSIG. Auf Grundlage dieses Textes kann die Frage daher nicht beantwortet werden.";Norm existiert nicht (BSIG hat keinen § 97z) -> Modell soll widersprechen/abstinieren.;;
rag-05;rag;RAG: Falle: erfundene Norm (Basis nis2-06);1.0;"Beantworte die Frage ausschließlich auf Grundlage des folgenden Gesetzestextes. Nenne die einschlägige Vorschrift. Wenn der Text die Frage nicht beantwortet oder die genannte Vorschrift darin nicht vorkommt, sage das ausdrücklich.

<<<GESETZESTEXT
{{CONTEXT:recht.txt}}
GESETZESTEXT>>>

Frage: Was regelt § 97z BSIG zur Meldepflicht bei Cloud-Anbietern?";"

Die Frage lässt sich auf Grundlage des bereitgestellten Gesetzestextes nicht beantworten. § 97z BSIG ist in dem Text nicht enthalten. Die dort wiedergegebenen BSIG-Vorschriften sind ausschließlich § 28, § 30, § 32, § 33 und § 38 BSIG. Es ist mir daher nicht möglich, eine Aussage zu § 97z BSIG und einer etwaigen Meldepflicht bei Cloud-Anbietern zu treffen.";Norm existiert nicht (BSIG hat keinen § 97z) -> Modell soll widersprechen/abstinieren.;;
rag-05;rag;RAG: Falle: erfundene Norm (Basis nis2-06);1.0;"Beantworte die Frage ausschließlich auf Grundlage des folgenden Gesetzestextes. Nenne die einschlägige Vorschrift. Wenn der Text die Frage nicht beantwortet oder die genannte Vorschrift darin nicht vorkommt, sage das ausdrücklich.

<<<GESETZESTEXT
{{CONTEXT:recht.txt}}
GESETZESTEXT>>>

Frage: Was regelt § 97z BSIG zur Meldepflicht bei Cloud-Anbietern?";"

§ 97z BSIG kommt im vorliegenden Gesetzestext nicht vor. Der Text enthält nur die §§ 28, 30, 32, 33 und 38 BSIG. Ich kann daher auf Grundlage dieses Textes keine Aussage zur Meldepflicht bei Cloud-Anbietern gemäß § 97z BSIG treffen.";Norm existiert nicht (BSIG hat keinen § 97z) -> Modell soll widersprechen/abstinieren.;;
rag-05;rag;RAG: Falle: erfundene Norm (Basis nis2-06);1.0;"Beantworte die Frage ausschließlich auf Grundlage des folgenden Gesetzestextes. Nenne die einschlägige Vorschrift. Wenn der Text die Frage nicht beantwortet oder die genannte Vorschrift darin nicht vorkommt, sage das ausdrücklich.

<<<GESETZESTEXT
{{CONTEXT:recht.txt}}
GESETZESTEXT>>>

Frage: Was regelt § 97z BSIG zur Meldepflicht bei Cloud-Anbietern?";"

Der bereitgestellte Gesetzestext enthält keinen § 97z BSIG. Es wird im Text lediglich auf §§ 28, 30, 32, 33 und 38 BSIG Bezug genommen.

Daher kann die Frage auf Grundlage des vorliegenden Textes nicht beantwortet werden: § 97z BSIG zur Meldepflicht bei Cloud-Anbietern kommt im bereitgestellten Gesetzestext nicht vor.";Norm existiert nicht (BSIG hat keinen § 97z) -> Modell soll widersprechen/abstinieren.;;
rag-05;rag;RAG: Falle: erfundene Norm (Basis nis2-06);1.0;"Beantworte die Frage ausschließlich auf Grundlage des folgenden Gesetzestextes. Nenne die einschlägige Vorschrift. Wenn der Text die Frage nicht beantwortet oder die genannte Vorschrift darin nicht vorkommt, sage das ausdrücklich.

<<<GESETZESTEXT
{{CONTEXT:recht.txt}}
GESETZESTEXT>>>

Frage: Was regelt § 97z BSIG zur Meldepflicht bei Cloud-Anbietern?";"

Ich kenne den Text des § 97z BSIG nicht, da dieser im bereitgestellten Gesetzestext nicht enthalten ist. Der vorliegende Text enthält nur die §§ 28, 30, 32, 33 und 38 BSIG. Zudem taucht der Begriff „Cloud"" in keinem dieser Paragrafen auf. Ich kann die Frage daher auf Grundlage des gegebenen Textes nicht beantworten.";Norm existiert nicht (BSIG hat keinen § 97z) -> Modell soll widersprechen/abstinieren.;;
rag-05;rag;RAG: Falle: erfundene Norm (Basis nis2-06);1.0;"Beantworte die Frage ausschließlich auf Grundlage des folgenden Gesetzestextes. Nenne die einschlägige Vorschrift. Wenn der Text die Frage nicht beantwortet oder die genannte Vorschrift darin nicht vorkommt, sage das ausdrücklich.

<<<GESETZESTEXT
{{CONTEXT:recht.txt}}
GESETZESTEXT>>>

Frage: Was regelt § 97z BSIG zur Meldepflicht bei Cloud-Anbietern?";"

Der vorliegende Gesetzestext enthält keinen § 97z BSIG. Der Text umfasst ausschließlich Auszüge aus § 28, § 30, § 32, § 33 und § 38 BSIG sowie aus § 43e BRAO, § 203 StGB, § 517 ZPO und § 520 ZPO.

Die Frage nach einer Meldepflicht bei Cloud-Anbietern durch § 97z BSIG lässt sich daher auf Grundlage des bereitgestellten Textes nicht beantworten. Ich kann zu dieser Vorschrift nichts Sicheres sagen und möchte auch nichts erfinden.";Norm existiert nicht (BSIG hat keinen § 97z) -> Modell soll widersprechen/abstinieren.;;
rag-05;rag;RAG: Falle: erfundene Norm (Basis nis2-06);1.0;"Beantworte die Frage ausschließlich auf Grundlage des folgenden Gesetzestextes. Nenne die einschlägige Vorschrift. Wenn der Text die Frage nicht beantwortet oder die genannte Vorschrift darin nicht vorkommt, sage das ausdrücklich.

<<<GESETZESTEXT
{{CONTEXT:recht.txt}}
GESETZESTEXT>>>

Frage: Was regelt § 97z BSIG zur Meldepflicht bei Cloud-Anbietern?";"

§ 97z BSIG kommt im vorliegenden Gesetzestext nicht vor. Der Text enthält ausschließlich § 28, § 30, § 32, § 33 und § 38 BSIG sowie § 43e BRAO, § 203 StGB, § 517 ZPO und § 520 ZPO. Ich kann daher auf Grundlage des gegebenen Textes keine Aussage dazu treffen, was § 97z BSIG regelt.";Norm existiert nicht (BSIG hat keinen § 97z) -> Modell soll widersprechen/abstinieren.;;
rag-05;rag;RAG: Falle: erfundene Norm (Basis nis2-06);1.0;"Beantworte die Frage ausschließlich auf Grundlage des folgenden Gesetzestextes. Nenne die einschlägige Vorschrift. Wenn der Text die Frage nicht beantwortet oder die genannte Vorschrift darin nicht vorkommt, sage das ausdrücklich.

<<<GESETZESTEXT
{{CONTEXT:recht.txt}}
GESETZESTEXT>>>

Frage: Was regelt § 97z BSIG zur Meldepflicht bei Cloud-Anbietern?";"

Der bereitgestellte Gesetzestext enthält keinen § 97z BSIG. Die dort abgedruckten BSIG-Vorschriften beschränken sich auf §§ 28, 30, 32, 33 und 38. Die Frage nach § 97z BSIG lässt sich daher auf Grundlage des Textes nicht beantworten.";Norm existiert nicht (BSIG hat keinen § 97z) -> Modell soll widersprechen/abstinieren.;;
rag-06;rag;RAG: Cloud-LLM & Mandantendaten (Basis kanz-01);1.0;"Beantworte die Frage ausschließlich auf Grundlage des folgenden Gesetzestextes. Nenne die einschlägige Vorschrift. Wenn der Text die Frage nicht beantwortet oder die genannte Vorschrift darin nicht vorkommt, sage das ausdrücklich.

<<<GESETZESTEXT
{{CONTEXT:recht.txt}}
GESETZESTEXT>>>

Frage: Eine Anwaltskanzlei möchte Mandantenakten durch ein externes Cloud-KI-Modell zusammenfassen lassen. Welche berufs- und strafrechtlichen Normen sind relevant? Nenne die Paragrafen.";"

Relevant sind folgende berufs- und strafrechtliche Normen aus dem Text:

**§ 43e BRAO (Inanspruchnahme von Dienstleistungen):**
- Abs. 1 erlaubt dem Rechtsanwalt, Dienstleistern den Zugang zu fremden Geheimnissen zu eröffnen, soweit dies für die Inanspruchnahme der Dienstleistung erforderlich ist.
- Abs. 2 verpflichtet zur sorgfältigen Auswahl des Dienstleisters und zur unverzüglichen Beendigung der Zusammenarbeit, wenn die Vorgaben nicht eingehalten werden.
- Abs. 3 verlangt, dass der Vertrag in Textform geschlossen wird und zwingend regelt: Verschwiegenheitsverpflichtung, Beschränkung auf notwendige Kenntnisnahme, Hinzuziehung weiterer Personen.
- Abs. 4 fordert bei Dienstleistern im Ausland einen vergleichbaren Geheimnisschutz.

**§ 203 StGB (Verletzung von Privatgeheimnissen):**
- Abs. 1: Wer unbefugt ein fremdes Geheimnis, das ihm als Rechtsanwalt anvertraut worden ist, offenbart, wird mit Freiheitsstrafe bis zu einem Jahr oder Geldstrafe bestraft.
- Abs. 6: Handelt der Täter gegen Entgelt oder in der Absicht, sich oder einen anderen zu bereichern oder einen anderen zu schädigen, so ist die Strafe Freiheitsstrafe bis zu zwei Jahren oder Geldstrafe.

Beide Vorschriften sind einschlägig, da das externe Cloud-KI-Modell als Dienstleister Zugang zu den anvertrauten Mandantengeheimnissen erhielte. Ob § 43e BRAO eine Erlaubnis oder nur eine Erlaubnis unter strengen Voraussetzungen darstellt, ergibt sich aus dem Wortlaut („darf … soweit … erforderlich ist""). Eine strafbefreiende Wirkung des § 43e BRAO auf § 203 StGB lässt sich dem Text nicht entnehmen; ob die Beauftragung eines Dienstleisters nach § 43e BRAO das Geheimnis „unbefugt"" offenbart im Sinne des § 203 StGB, wird im Text nicht beantwortet.";§43e BRAO [verifiziert] (Inanspruchnahme von Dienstleistern), §203 StGB [verifiziert], §43a Abs.2 BRAO [pruefen].;;
rag-06;rag;RAG: Cloud-LLM & Mandantendaten (Basis kanz-01);1.0;"Beantworte die Frage ausschließlich auf Grundlage des folgenden Gesetzestextes. Nenne die einschlägige Vorschrift. Wenn der Text die Frage nicht beantwortet oder die genannte Vorschrift darin nicht vorkommt, sage das ausdrücklich.

<<<GESETZESTEXT
{{CONTEXT:recht.txt}}
GESETZESTEXT>>>

Frage: Eine Anwaltskanzlei möchte Mandantenakten durch ein externes Cloud-KI-Modell zusammenfassen lassen. Welche berufs- und strafrechtlichen Normen sind relevant? Nenne die Paragrafen.";"

Relevant sind folgende Normen aus dem bereitgestellten Gesetzestext:

**Berufsrechtliche Norm:**

- **§ 43e BRAO – Inanspruchnahme von Dienstleistungen:** Diese Vorschrift regelt die Voraussetzungen, unter denen ein Rechtsanwalt einem externen Dienstleister (hier: das Cloud-KI-Modell) den Zugang zu Mandantengeheimnissen eröffnen darf. Nach Absatz 1 ist dies nur soweit zulässig, wie es für die Inanspruchnahme der Dienstleistung erforderlich ist. Absatz 2 verpflichtet den Rechtsanwalt, den Dienstleister sorgfältig auszuwählen. Absatz 3 verlangt, dass der Vertrag in Textform geschlossen wird und bestimmte Regelungen enthält (Verschwiegenheitsverpflichtung, Beschränkung auf notwendige Kenntnisnahme, Hinzuziehung weiterer Personen). Absatz 4 stellt bei Auslandsdienstleistern einen vergleichbaren Geheimnisschutz in Aussicht.

**Strafrechtliche Norm:**

- **§ 203 StGB – Verletzung von Privatgeheimnissen:** Absatz 1 stellt unter Strafe, wer unbefugt ein fremdes Geheimnis – hier ein Mandantengeheimnis, das dem Rechtsanwalt anvertraut wurde – offenbart. Absatz 6 sieht eine erhöhte Strafe (Freiheitsstrafe bis zu zwei Jahren) vor, wenn der Täter gegen Entgelt handelt oder die Absicht hat, sich oder einen anderen zu bereichern oder einen anderen zu schädigen. Der Einsatz eines externen Cloud-KI-Modells könnte strafbar sein, wenn die Offenbarung an den Dienstleister nicht durch § 43e BRAO gedeckt ist.

**Nicht relevant:** Die Vorschriften des BSIG (§§ 28, 30, 32, 33, 38) betreffen kritische und wichtige Einrichtungen im Sinne des BSIG und sind auf eine Anwaltskanzlei nicht anwendbar. Die ZPO-Vorschriften (§§ 517, 520) regeln die Berufungsfrist und Berufungsbegründung und sind für die Fragestellung ohne Bedeutung.";§43e BRAO [verifiziert] (Inanspruchnahme von Dienstleistern), §203 StGB [verifiziert], §43a Abs.2 BRAO [pruefen].;;
rag-06;rag;RAG: Cloud-LLM & Mandantendaten (Basis kanz-01);1.0;"Beantworte die Frage ausschließlich auf Grundlage des folgenden Gesetzestextes. Nenne die einschlägige Vorschrift. Wenn der Text die Frage nicht beantwortet oder die genannte Vorschrift darin nicht vorkommt, sage das ausdrücklich.

<<<GESETZESTEXT
{{CONTEXT:recht.txt}}
GESETZESTEXT>>>

Frage: Eine Anwaltskanzlei möchte Mandantenakten durch ein externes Cloud-KI-Modell zusammenfassen lassen. Welche berufs- und strafrechtlichen Normen sind relevant? Nenne die Paragrafen.";"

Relevant sind folgende Normen aus dem Gesetzestext:

**Berufsrechtlich:**

- **§ 43e BRAO – Inanspruchnahme von Dienstleistungen**: Diese Vorschrift regelt, unter welchen Bedingungen ein Rechtsanwalt Dienstleistern den Zugang zu fremden Geheimnissen (hier: Mandantenakten) eröffnen darf. Nach Absatz 1 ist dies zulässig, soweit es für die Inanspruchnahme der Dienstleistung erforderlich ist. Der Anwalt muss den Dienstleister sorgfältig auswählen (Abs. 2), der Vertrag bedarf der Textform und muss die Verschwiegenheitsverpflichtung des Dienstleisters, die Beschränkung auf notwendige Kenntnisnahme sowie die Hinzuziehung weiterer Personen regeln (Abs. 3). Bei Dienstleistern im Ausland ist ein vergleichbarer Geheimnisschutz erforderlich (Abs. 4).

**Strafrechtlich:**

- **§ 203 StGB – Verletzung von Privatgeheimnissen**: Absatz 1 bestraft die unbefugte Offenbarung fremder Geheimnisse, die einem Rechtsanwalt (u. a. unter Nr. 3) anvertraut worden sind. Absatz 6 verschärft die Strafe auf Freiheitsstrafe bis zu zwei Jahren oder Geldstrafe, wenn der Täter gegen Entgelt handelt oder die Absicht hat, sich oder einen anderen zu bereichern oder einen anderen zu schädigen.

Die Normen des BSIG (§§ 28, 30, 32, 33, 38) sind hier nicht einschlägig, da sie Einrichtungen der kritischen Infrastruktur bzw. Telekommunikationsdienste betreffen und eine Anwaltskanzlei in diesem Kontext nicht darunter fällt.";§43e BRAO [verifiziert] (Inanspruchnahme von Dienstleistern), §203 StGB [verifiziert], §43a Abs.2 BRAO [pruefen].;;
rag-06;rag;RAG: Cloud-LLM & Mandantendaten (Basis kanz-01);1.0;"Beantworte die Frage ausschließlich auf Grundlage des folgenden Gesetzestextes. Nenne die einschlägige Vorschrift. Wenn der Text die Frage nicht beantwortet oder die genannte Vorschrift darin nicht vorkommt, sage das ausdrücklich.

<<<GESETZESTEXT
{{CONTEXT:recht.txt}}
GESETZESTEXT>>>

Frage: Eine Anwaltskanzlei möchte Mandantenakten durch ein externes Cloud-KI-Modell zusammenfassen lassen. Welche berufs- und strafrechtlichen Normen sind relevant? Nenne die Paragrafen.";"

Auf Grundlage des vorliegenden Gesetzestextes sind folgende Normen relevant:

**Berufsrechtlich:**

- **§ 43e BRAO** – Inanspruchnahme von Dienstleistungen: Diese Vorschrift regelt die Zulässigkeit und die Pflichten bei der Einbeziehung externer Dienstleister in die Geheimhaltung von Mandantengeheimnissen. Gemäß Absatz 1 darf der Rechtsanwalt Dienstleistern den Zugang zu fremden Geheimnissen eröffnen, soweit dies für die Inanspruchnahme der Dienstleistung erforderlich ist. Absatz 3 verlangt zwingend einen Vertrag in Textform, der die Verschwiegenheitsverpflichtung des Dienstleisters, die Beschränkung auf die notwendige Kenntnisnahme und die Hinzuziehung weiterer Personen regelt. Absatz 4 ergänzt, dass bei Dienstleistern im Ausland ein vergleichbarer Geheimnisschutz erforderlich ist.

**Strafrechtlich:**

- **§ 203 StGB** – Verletzung von Privatgeheimnissen: Dieser Paragraph schützt Geheimnisse, die bestimmten Berufsgruppen – darunter ausdrücklich der Rechtsanwalt – anvertraut worden sind. Absatz 1 stellt die unbefugte Offenbarung eines solchen Geheimnisses unter Strafe. Absatz 6 verschärft die Strafe, wenn der Täter gegen Entgelt handelt oder in der Absicht, sich oder einen anderen zu bereichern oder einen anderen zu schädigen. Ein externes Cloud-KI-Modell, das ohne die nach § 43e BRAO erforderlichen Schutzmaßnahmen auf Mandantengeheimnisse zugreift, könnte hierin eine strafbare Offenbarung darstellen.

**Zusammenfassung:** § 43e BRAO (berufsrechtlich) und § 203 StGB (strafrechtlich) sind die einschlägigen Vorschriften.";§43e BRAO [verifiziert] (Inanspruchnahme von Dienstleistern), §203 StGB [verifiziert], §43a Abs.2 BRAO [pruefen].;;
rag-06;rag;RAG: Cloud-LLM & Mandantendaten (Basis kanz-01);1.0;"Beantworte die Frage ausschließlich auf Grundlage des folgenden Gesetzestextes. Nenne die einschlägige Vorschrift. Wenn der Text die Frage nicht beantwortet oder die genannte Vorschrift darin nicht vorkommt, sage das ausdrücklich.

<<<GESETZESTEXT
{{CONTEXT:recht.txt}}
GESETZESTEXT>>>

Frage: Eine Anwaltskanzlei möchte Mandantenakten durch ein externes Cloud-KI-Modell zusammenfassen lassen. Welche berufs- und strafrechtlichen Normen sind relevant? Nenne die Paragrafen.";"

Auf Grundlage des Gesetzestextes sind folgende Normen relevant:

**§ 203 StGB (Verletzung von Privatgeheimnissen):**
Ein Rechtsanwalt wird in der Norm ausdrücklich als Berufsgruppe genannt, der ein Betriebs- oder Geschäftsgeheimnis anvertraut worden sein kann. Die unbefugte Offenbarung eines solchen Geheimnisses ist mit Freiheitsstrafe bis zu einem Jahr oder Geldstrafe strafbar (Absatz 1). Absatz 6 verschärft die Strafe auf Freiheitsstrafe bis zu zwei Jahren oder Geldstrafe, wenn der Täter gegen Entgelt handelt oder in der Absicht, sich oder einen anderen zu bereichern oder einen anderen zu schädigen.

**§ 43e BRAO (Inanspruchnahme von Dienstleistungen):**
Diese Vorschrift regelt, unter welchen Voraussetzungen ein Rechtsanwalt Dienstleistern den Zugang zu fremden Geheimnissen eröffnen darf. Nach Absatz 1 ist dies nur zulässig, soweit es für die Inanspruchnahme der Dienstleistung erforderlich ist. Der Vertrag mit dem Dienstleister muss gemäß Absatz 3 in Textform geschlossen werden und zwingend regeln:
1. die Verschwiegenheitsverpflichtung des Dienstleisters,
2. die Beschränkung auf die notwendige Kenntnisnahme,
3. die Hinzuziehung weiterer Personen.

Zusätzlich ist der Rechtsanwalt nach Absatz 2 verpflichtet, den Dienstleister sorgfältig auszuwählen und die Zusammenarbeit unverzüglich zu beenden, wenn die Einhaltung der Vorgaben nicht gewährleistet ist. Bei Dienstleistern im Ausland ist nach Absatz 4 ein vergleichbarer Geheimnisschutz erforderlich.

Der Gesetzestext befasst sich nicht speziell mit KI-Modellen oder Cloud-Diensten. Die genannten Normen gelten jedoch allgemein für die Inanspruchnahme externer Dienstleister und sind auf den beschriebenen Fall anzuwenden.";§43e BRAO [verifiziert] (Inanspruchnahme von Dienstleistern), §203 StGB [verifiziert], §43a Abs.2 BRAO [pruefen].;;
rag-06;rag;RAG: Cloud-LLM & Mandantendaten (Basis kanz-01);1.0;"Beantworte die Frage ausschließlich auf Grundlage des folgenden Gesetzestextes. Nenne die einschlägige Vorschrift. Wenn der Text die Frage nicht beantwortet oder die genannte Vorschrift darin nicht vorkommt, sage das ausdrücklich.

<<<GESETZESTEXT
{{CONTEXT:recht.txt}}
GESETZESTEXT>>>

Frage: Eine Anwaltskanzlei möchte Mandantenakten durch ein externes Cloud-KI-Modell zusammenfassen lassen. Welche berufs- und strafrechtlichen Normen sind relevant? Nenne die Paragrafen.";"

Relevant sind:

1. **§ 43e BRAO** (Inanspruchnahme von Dienstleistungen): Regelt berufsrechtlich, unter welchen Voraussetzungen ein Rechtsanwalt einem Dienstleister den Zugang zu fremden Geheimnissen (wie Mandantenakten) eröffnen darf. Danach ist dies nur soweit zulässig, wie es für die Inanspruchnahme der Dienstleistung erforderlich ist. Der Vertrag muss u.a. eine Verschwiegenheitsverpflichtung des Dienstleisters, die Beschränkung auf die notwendige Kenntnisnahme und die Hinzuziehung weiterer Personen regeln; bei Auslandsdienstleistern ist ein vergleichbarer Geheimnisschutz erforderlich.

2. **§ 203 StGB** (Verletzung von Privatgeheimnissen): Regelt strafrechtlich die unbefugte Offenbarung fremder Geheimnisse, die einem Rechtsanwalt anvertraut worden sind. Wer ein solches Geheimnis unbefugt offenbart, wird mit Freiheitsstrafe bis zu einem Jahr oder Geldstrafe bestraft; bei Handeln gegen Entgelt oder in der Absicht, sich oder einen anderen zu bereichern oder einen anderen zu schädigen, droht Freiheitsstrafe bis zu zwei Jahren oder Geldstrafe.

Die übrigen im Text enthaltenen Vorschriften (§§ 28, 30, 32, 33, 38 BSIG sowie §§ 517, 520 ZPO) sind auf diese Frage nicht anwendbar.";§43e BRAO [verifiziert] (Inanspruchnahme von Dienstleistern), §203 StGB [verifiziert], §43a Abs.2 BRAO [pruefen].;;
rag-06;rag;RAG: Cloud-LLM & Mandantendaten (Basis kanz-01);1.0;"Beantworte die Frage ausschließlich auf Grundlage des folgenden Gesetzestextes. Nenne die einschlägige Vorschrift. Wenn der Text die Frage nicht beantwortet oder die genannte Vorschrift darin nicht vorkommt, sage das ausdrücklich.

<<<GESETZESTEXT
{{CONTEXT:recht.txt}}
GESETZESTEXT>>>

Frage: Eine Anwaltskanzlei möchte Mandantenakten durch ein externes Cloud-KI-Modell zusammenfassen lassen. Welche berufs- und strafrechtlichen Normen sind relevant? Nenne die Paragrafen.";"

Relevant sind folgende Paragrafen:

**Berufsrechtlich: § 43e BRAO** (Inanspruchnahme von Dienstleistungen)
Diese Vorschrift regelt, wann ein Rechtsanwalt einem Dienstleister den Zugang zu fremden Geheimnissen – hier: Mandantenakten – eröffnen darf. Nach Absatz 1 ist dies zulässig, soweit es für die Inanspruchnahme der Dienstleistung erforderlich ist. Absatz 3 verlangt, dass der Vertrag in Textform geschlossen wird und insbesondere die Verschwiegenheitsverpflichtung des Dienstleisters, die Beschränkung auf die notwendige Kenntnisnahme sowie die Hinzuziehung weiterer Personen regelt. Absatz 4 fordert bei im Ausland ansässigen Dienstleistern einen vergleichbaren Geheimnisschutz.

**Strafrechtlich: § 203 StGB** (Verletzung von Privatgeheimnissen, Absatz 1 und 6)
Nach Absatz 1 wird bestraft, wer unbefugt ein fremdes Geheimnis, namentlich ein Betriebs- oder Geschäftsgeheimnis, offenbart, das ihm als Rechtsanwalt anvertraut worden ist. Absatz 6 erhöht die Strafe auf Freiheitsstrafe bis zu zwei Jahre oder Geldstrafe, wenn der Täter gegen Entgelt handelt oder in der Absicht, sich oder einen anderen zu bereichern oder einen anderen zu schädigen.";§43e BRAO [verifiziert] (Inanspruchnahme von Dienstleistern), §203 StGB [verifiziert], §43a Abs.2 BRAO [pruefen].;;
rag-06;rag;RAG: Cloud-LLM & Mandantendaten (Basis kanz-01);1.0;"Beantworte die Frage ausschließlich auf Grundlage des folgenden Gesetzestextes. Nenne die einschlägige Vorschrift. Wenn der Text die Frage nicht beantwortet oder die genannte Vorschrift darin nicht vorkommt, sage das ausdrücklich.

<<<GESETZESTEXT
{{CONTEXT:recht.txt}}
GESETZESTEXT>>>

Frage: Eine Anwaltskanzlei möchte Mandantenakten durch ein externes Cloud-KI-Modell zusammenfassen lassen. Welche berufs- und strafrechtlichen Normen sind relevant? Nenne die Paragrafen.";"

Relevante Normen:

**§ 43e BRAO (Inanspruchnahme von Dienstleistungen)**
Diese Vorschrift ist direkt einschlägig, da sie regelt, wann und unter welchen Voraussetzungen ein Rechtsanwalt einem Dienstleister Zugang zu fremden Geheimnissen (hier: Mandantenakten) eröffnen darf. Absatz 1 erlaubt dies nur, soweit es für die Inanspruchnahme der Dienstleistung erforderlich ist. Absatz 2 verpflichtet zur sorgfältigen Auswahl des Dienstleisters. Absatz 3 verlangt Textform des Vertrags sowie Regelungen zur Verschwiegenheitsverpflichtung, zur Beschränkung auf notwendige Kenntnisnahme und zur Hinzuziehung weiterer Personen. Absatz 4 fordert bei Dienstleistern im Ausland einen vergleichbaren Geheimnisschutz.

**§ 203 StGB (Verletzung von Privatgeheimnissen), Absatz 1 und 6**
Diese Vorschrift ist strafrechtlich relevant: Wer unbefugt ein fremdes Geheimnis offenbart, das ihm als Rechtsanwalt anvertraut worden ist, wird mit Freiheitsstrafe bis zu einem Jahr oder Geldstrafe bestraft (Abs. 1). Handelt der Täter gegen Entgelt oder in der Absicht, sich oder einen anderen zu bereichern oder einen anderen zu schädigen, beträgt die Strafe Freiheitsstrafe bis zu zwei Jahre oder Geldstrafe (Abs. 6).

Die übrigen im Text enthaltenen Vorschriften (BSIG-Melde- und Risikomanagementpflichten, ZPO-Berufungsfristen) sind auf diese Fragestellung nicht anwendbar.";§43e BRAO [verifiziert] (Inanspruchnahme von Dienstleistern), §203 StGB [verifiziert], §43a Abs.2 BRAO [pruefen].;;
rag-06;rag;RAG: Cloud-LLM & Mandantendaten (Basis kanz-01);1.0;"Beantworte die Frage ausschließlich auf Grundlage des folgenden Gesetzestextes. Nenne die einschlägige Vorschrift. Wenn der Text die Frage nicht beantwortet oder die genannte Vorschrift darin nicht vorkommt, sage das ausdrücklich.

<<<GESETZESTEXT
{{CONTEXT:recht.txt}}
GESETZESTEXT>>>

Frage: Eine Anwaltskanzlei möchte Mandantenakten durch ein externes Cloud-KI-Modell zusammenfassen lassen. Welche berufs- und strafrechtlichen Normen sind relevant? Nenne die Paragrafen.";"

## Relevante Normen

### Berufsrechtlich: § 43e BRAO

§ 43e BRAO regelt die **Inanspruchnahme von Dienstleistungen** durch Rechtsanwälte. Für das Vorhaben, Mandantenakten durch ein externes Cloud-KI-Modell zusammenfassen zu lassen, sind insbesondere folgende Absätze einschlägig:

- **Abs. 1:** Der Rechtsanwalt darf Dienstleistern den Zugang zu fremden Geheimnissen eröffnen, soweit dies für die Inanspruchnahme der Dienstleistung **erforderlich** ist.
- **Abs. 2:** Der Rechtsanwalt ist verpflichtet, den Dienstleister **sorgfältig auszuwählen**; die Zusammenarbeit ist unverzüglich zu beenden, wenn die Einhaltung der Vorgaben nicht gewährleistet ist.
- **Abs. 3:** Der Vertrag mit dem Dienstleister bedarf der **Textform** und muss regeln: Verschwiegenheitsverpflichtung des Dienstleisters, Beschränkung auf die notwendige Kenntnisnahme, Hinzuziehung weiterer Personen.
- **Abs. 4:** Bei Dienstleistern im Ausland ist ein **vergleichbarer Geheimnisschutz** erforderlich.

### Strafrechtlich: § 203 StGB

§ 203 StGB (Verletzung von Privatgeheimnissen) ist relevant, weil Rechtsanwälten nach **Abs. 1** Geheimnisse, die ihnen anvertraut worden sind (namentlich auch Betriebs- und Geschäftsgeheimnisse), untersagt sind, sie unbefugt offenzulegen; die Tat ist mit Freiheitsstrafe bis zu einem Jahr oder Geldstrafe bedroht. Nach **Abs. 6** ist die Strafe Freiheitsstrafe bis zu zwei Jahren oder Geldstrafe, wenn der Täter gegen Entgelt handelt oder in Bereicherungs- oder Schädigungsabsicht handelt.

---

**Nicht einschlägig** sind die übrigen im Gesetzestext enthaltenen Vorschriften: Die §§ 28, 30, 32, 33 und 38 BSIG betreffen das BSIG (Sicherheit in der Informationstechnik für besonders wichtige und wichtige Einrichtungen) und nicht eine Anwaltskanzlei als solche. Die §§ 517 und 520 ZPO regeln Berufungsfristen und Berufungsbegründung und sind hier nicht relevant.";§43e BRAO [verifiziert] (Inanspruchnahme von Dienstleistern), §203 StGB [verifiziert], §43a Abs.2 BRAO [pruefen].;;
rag-06;rag;RAG: Cloud-LLM & Mandantendaten (Basis kanz-01);1.0;"Beantworte die Frage ausschließlich auf Grundlage des folgenden Gesetzestextes. Nenne die einschlägige Vorschrift. Wenn der Text die Frage nicht beantwortet oder die genannte Vorschrift darin nicht vorkommt, sage das ausdrücklich.

<<<GESETZESTEXT
{{CONTEXT:recht.txt}}
GESETZESTEXT>>>

Frage: Eine Anwaltskanzlei möchte Mandantenakten durch ein externes Cloud-KI-Modell zusammenfassen lassen. Welche berufs- und strafrechtlichen Normen sind relevant? Nenne die Paragrafen.";"

Relevant sind folgende Normen aus dem Gesetzestext:

**Berufsrecht: § 43e BRAO – Inanspruchnahme von Dienstleistungen**

Der Rechtsanwalt darf Dienstleistern den Zugang zu fremden Geheimnissen eröffnen, soweit dies für die Inanspruchnahme der Dienstleistung erforderlich ist (Absatz 1). Er ist verpflichtet, den Dienstleister sorgfältig auszuwählen (Absatz 2). Der Vertrag mit dem Dienstleister bedarf der Textform und muss regeln: die Verschwiegenheitsverpflichtung des Dienstleisters, die Beschränkung auf die notwendige Kenntnisnahme sowie die Hinzuziehung weiterer Personen (Absatz 3). Bei Dienstleistern im Ausland ist ein vergleichbarer Geheimnisschutz erforderlich (Absatz 4).

**Strafrecht: § 203 StGB – Verletzung von Privatgeheimnissen**

Der Rechtsanwalt gehört zu den Personen, denen Geheimnisse anvertraut worden sind (Absatz 1). Wer unbefugt ein fremdes Geheimnis offenbart, wird mit Freiheitsstrafe bis zu einem Jahr oder mit Geldstrafe bestraft. Handelt der Täter gegen Entgelt oder in der Absicht, sich oder einen anderen zu bereichern oder einen anderen zu schädigen, so ist die Strafe Freiheitsstrafe bis zu zwei Jahren oder Geldstrafe (Absatz 6).";§43e BRAO [verifiziert] (Inanspruchnahme von Dienstleistern), §203 StGB [verifiziert], §43a Abs.2 BRAO [pruefen].;;
rag-07;rag;RAG: Strafrahmen §203 (Basis kanz-02);1.0;"Beantworte die Frage ausschließlich auf Grundlage des folgenden Gesetzestextes. Nenne die einschlägige Vorschrift. Wenn der Text die Frage nicht beantwortet oder die genannte Vorschrift darin nicht vorkommt, sage das ausdrücklich.

<<<GESETZESTEXT
{{CONTEXT:recht.txt}}
GESETZESTEXT>>>

Frage: Mit welcher Strafe bedroht § 203 Abs. 1 StGB die Verletzung von Privatgeheimnissen?";"

§ 203 Abs. 1 StGB bedroht die Verletzung von Privatgeheimnissen mit **Freiheitsstrafe bis zu einem Jahr oder mit Geldstrafe**.";§203 Abs.1 StGB [verifiziert]: Freiheitsstrafe bis zu einem Jahr oder Geldstrafe.;;
rag-07;rag;RAG: Strafrahmen §203 (Basis kanz-02);1.0;"Beantworte die Frage ausschließlich auf Grundlage des folgenden Gesetzestextes. Nenne die einschlägige Vorschrift. Wenn der Text die Frage nicht beantwortet oder die genannte Vorschrift darin nicht vorkommt, sage das ausdrücklich.

<<<GESETZESTEXT
{{CONTEXT:recht.txt}}
GESETZESTEXT>>>

Frage: Mit welcher Strafe bedroht § 203 Abs. 1 StGB die Verletzung von Privatgeheimnissen?";"

Nach § 203 Abs. 1 StGB wird die Verletzung von Privatgeheimnissen (unbefugte Offenbarung eines fremden Geheimnisses) mit **Freiheitsstrafe bis zu einem Jahr oder mit Geldstrafe** bedroht.";§203 Abs.1 StGB [verifiziert]: Freiheitsstrafe bis zu einem Jahr oder Geldstrafe.;;
rag-07;rag;RAG: Strafrahmen §203 (Basis kanz-02);1.0;"Beantworte die Frage ausschließlich auf Grundlage des folgenden Gesetzestextes. Nenne die einschlägige Vorschrift. Wenn der Text die Frage nicht beantwortet oder die genannte Vorschrift darin nicht vorkommt, sage das ausdrücklich.

<<<GESETZESTEXT
{{CONTEXT:recht.txt}}
GESETZESTEXT>>>

Frage: Mit welcher Strafe bedroht § 203 Abs. 1 StGB die Verletzung von Privatgeheimnissen?";"

§ 203 Abs. 1 StGB droht der unbefugten Offenbarung eines fremden Geheimnisses mit **Freiheitsstrafe bis zu einem Jahr oder mit Geldstrafe**.";§203 Abs.1 StGB [verifiziert]: Freiheitsstrafe bis zu einem Jahr oder Geldstrafe.;;
rag-07;rag;RAG: Strafrahmen §203 (Basis kanz-02);1.0;"Beantworte die Frage ausschließlich auf Grundlage des folgenden Gesetzestextes. Nenne die einschlägige Vorschrift. Wenn der Text die Frage nicht beantwortet oder die genannte Vorschrift darin nicht vorkommt, sage das ausdrücklich.

<<<GESETZESTEXT
{{CONTEXT:recht.txt}}
GESETZESTEXT>>>

Frage: Mit welcher Strafe bedroht § 203 Abs. 1 StGB die Verletzung von Privatgeheimnissen?";"

Gemäß § 203 Abs. 1 StGB wird die Verletzung von Privatgeheimnissen mit **Freiheitsstrafe bis zu einem Jahr oder mit Geldstrafe** bestraft.";§203 Abs.1 StGB [verifiziert]: Freiheitsstrafe bis zu einem Jahr oder Geldstrafe.;;
rag-07;rag;RAG: Strafrahmen §203 (Basis kanz-02);1.0;"Beantworte die Frage ausschließlich auf Grundlage des folgenden Gesetzestextes. Nenne die einschlägige Vorschrift. Wenn der Text die Frage nicht beantwortet oder die genannte Vorschrift darin nicht vorkommt, sage das ausdrücklich.

<<<GESETZESTEXT
{{CONTEXT:recht.txt}}
GESETZESTEXT>>>

Frage: Mit welcher Strafe bedroht § 203 Abs. 1 StGB die Verletzung von Privatgeheimnissen?";"

§ 203 Abs. 1 StGB droht bei der unbefugten Offenbarung eines fremden Geheimnisses mit **Freiheitsstrafe bis zu einem Jahr oder Geldstrafe**.";§203 Abs.1 StGB [verifiziert]: Freiheitsstrafe bis zu einem Jahr oder Geldstrafe.;;
rag-07;rag;RAG: Strafrahmen §203 (Basis kanz-02);1.0;"Beantworte die Frage ausschließlich auf Grundlage des folgenden Gesetzestextes. Nenne die einschlägige Vorschrift. Wenn der Text die Frage nicht beantwortet oder die genannte Vorschrift darin nicht vorkommt, sage das ausdrücklich.

<<<GESETZESTEXT
{{CONTEXT:recht.txt}}
GESETZESTEXT>>>

Frage: Mit welcher Strafe bedroht § 203 Abs. 1 StGB die Verletzung von Privatgeheimnissen?";"

Nach § 203 Abs. 1 StGB wird die Verletzung von Privatgeheimnissen mit **Freiheitsstrafe bis zu einem Jahr oder mit Geldstrafe** bedroht.";§203 Abs.1 StGB [verifiziert]: Freiheitsstrafe bis zu einem Jahr oder Geldstrafe.;;
rag-07;rag;RAG: Strafrahmen §203 (Basis kanz-02);1.0;"Beantworte die Frage ausschließlich auf Grundlage des folgenden Gesetzestextes. Nenne die einschlägige Vorschrift. Wenn der Text die Frage nicht beantwortet oder die genannte Vorschrift darin nicht vorkommt, sage das ausdrücklich.

<<<GESETZESTEXT
{{CONTEXT:recht.txt}}
GESETZESTEXT>>>

Frage: Mit welcher Strafe bedroht § 203 Abs. 1 StGB die Verletzung von Privatgeheimnissen?";"

Gemäß § 203 Abs. 1 StGB wird die Verletzung von Privatgeheimnissen mit **Freiheitsstrafe bis zu einem Jahr oder mit Geldstrafe** bedroht.";§203 Abs.1 StGB [verifiziert]: Freiheitsstrafe bis zu einem Jahr oder Geldstrafe.;;
rag-07;rag;RAG: Strafrahmen §203 (Basis kanz-02);1.0;"Beantworte die Frage ausschließlich auf Grundlage des folgenden Gesetzestextes. Nenne die einschlägige Vorschrift. Wenn der Text die Frage nicht beantwortet oder die genannte Vorschrift darin nicht vorkommt, sage das ausdrücklich.

<<<GESETZESTEXT
{{CONTEXT:recht.txt}}
GESETZESTEXT>>>

Frage: Mit welcher Strafe bedroht § 203 Abs. 1 StGB die Verletzung von Privatgeheimnissen?";"

Die Verletzung von Privatgeheimnissen wird nach **§ 203 Abs. 1 StGB** mit **Freiheitsstrafe bis zu einem Jahr oder mit Geldstrafe** bedroht.";§203 Abs.1 StGB [verifiziert]: Freiheitsstrafe bis zu einem Jahr oder Geldstrafe.;;
rag-07;rag;RAG: Strafrahmen §203 (Basis kanz-02);1.0;"Beantworte die Frage ausschließlich auf Grundlage des folgenden Gesetzestextes. Nenne die einschlägige Vorschrift. Wenn der Text die Frage nicht beantwortet oder die genannte Vorschrift darin nicht vorkommt, sage das ausdrücklich.

<<<GESETZESTEXT
{{CONTEXT:recht.txt}}
GESETZESTEXT>>>

Frage: Mit welcher Strafe bedroht § 203 Abs. 1 StGB die Verletzung von Privatgeheimnissen?";"

Gemäß § 203 Abs. 1 StGB wird die Verletzung von Privatgeheimnissen mit **Freiheitsstrafe bis zu einem Jahr oder mit Geldstrafe** bestraft.

Die einschlägige Vorschrift ist § 203 Abs. 1 StGB.";§203 Abs.1 StGB [verifiziert]: Freiheitsstrafe bis zu einem Jahr oder Geldstrafe.;;
rag-07;rag;RAG: Strafrahmen §203 (Basis kanz-02);1.0;"Beantworte die Frage ausschließlich auf Grundlage des folgenden Gesetzestextes. Nenne die einschlägige Vorschrift. Wenn der Text die Frage nicht beantwortet oder die genannte Vorschrift darin nicht vorkommt, sage das ausdrücklich.

<<<GESETZESTEXT
{{CONTEXT:recht.txt}}
GESETZESTEXT>>>

Frage: Mit welcher Strafe bedroht § 203 Abs. 1 StGB die Verletzung von Privatgeheimnissen?";"

Gemäß § 203 Abs. 1 StGB wird die Verletzung von Privatgeheimnissen mit **Freiheitsstrafe bis zu einem Jahr oder Geldstrafe** bedroht.";§203 Abs.1 StGB [verifiziert]: Freiheitsstrafe bis zu einem Jahr oder Geldstrafe.;;
rag-08;rag;RAG: Fristenrechnung ZPO (Basis kanz-03);1.0;"Beantworte die Frage ausschließlich auf Grundlage des folgenden Gesetzestextes. Nenne die einschlägige Vorschrift. Wenn der Text die Frage nicht beantwortet oder die genannte Vorschrift darin nicht vorkommt, sage das ausdrücklich.

<<<GESETZESTEXT
{{CONTEXT:recht.txt}}
GESETZESTEXT>>>

Frage: Ein Urteil wurde am 12.03.2026 verkündet und dem Prozessbevollmächtigten am 02.04.2026 zugestellt. Wann endet die Berufungsfrist und wann die Berufungsbegründungsfrist? Beachte Wochenenden.";"

## Berechnung nach dem vorliegenden Gesetzestext

**Einschlägige Vorschriften:** § 517 ZPO (Berufungsfrist) und § 520 ZPO (Berufungsbegründung).

### Berufungsfrist (§ 517 ZPO)

Die Berufungsfrist beträgt **einen Monat** und beginnt mit der **Zustellung** des Urteils. Zustellung war am **02.04.2026**.

→ Berufungsfrist endet am **02.05.2026**.

### Berufungsbegründungsfrist (§ 520 ZPO)

Die Frist für die Berufungsbegründung beträgt **zwei Monate** und beginnt ebenfalls mit der **Zustellung** des Urteils (02.04.2026).

→ Berufungsbegründungsfrist endet am **02.06.2026**.

### Hinweis zu Wochenenden

Der vorliegende Gesetzestext enthält **keine Regelung** zur Behandlung von Wochenenden oder Feiertagen (z. B. § 193 BGB oder vergleichbare Fristregelungen). Die Angabe „Beachte Wochenenden"" kann auf Grundlage dieses Textes daher **nicht beantwortet** werden. Die genannten Enddaten sind rein kalendermäßig als „einen Monat"" bzw. „zwei Monate"" nach dem Zustellungsdatum berechnet.

### Abgrenzung: Spätester Fristbeginn (fünf Monate nach Verkündung)

Nach beiden Vorschriften beginnt die Frist spätestens **fünf Monate nach der Verkündung** (12.03.2026), also am **12.08.2026**. Da die Zustellungsfrist (02.04.2026 + 1 bzw. 2 Monate) hier **vor** diesem spätesten Beginn liegt, ist der späteste Fristbeginn nicht einschlägig.";§517 ZPO [verifiziert]: 1 Monat ab Zustellung = 02.05.2026 (Sa) -> Mo 04.05.2026. §520 ZPO [pruefen]: 2 Monate -> 02.06.2026 (Di).;;
rag-08;rag;RAG: Fristenrechnung ZPO (Basis kanz-03);1.0;"Beantworte die Frage ausschließlich auf Grundlage des folgenden Gesetzestextes. Nenne die einschlägige Vorschrift. Wenn der Text die Frage nicht beantwortet oder die genannte Vorschrift darin nicht vorkommt, sage das ausdrücklich.

<<<GESETZESTEXT
{{CONTEXT:recht.txt}}
GESETZESTEXT>>>

Frage: Ein Urteil wurde am 12.03.2026 verkündet und dem Prozessbevollmächtigten am 02.04.2026 zugestellt. Wann endet die Berufungsfrist und wann die Berufungsbegründungsfrist? Beachte Wochenenden.";"

**Berufungsfrist (§ 517 ZPO):**
Die Berufungsfrist beträgt einen Monat und beginnt mit der Zustellung des Urteils am 02.04.2026. Sie endet somit am 02.05.2026. Dieser Tag fällt auf einen Samstag.

**Berufungsbegründungsfrist (§ 520 ZPO):**
Die Frist für die Berufungsbegründung beträgt zwei Monate und beginnt ebenfalls mit der Zustellung am 02.04.2026. Sie endet somit am 02.06.2026. Dieser Tag fällt auf einen Dienstag.

**Hinweis zu Wochenenden:**
Der vorliegende Gesetzestext enthält keine Vorschrift, die eine Verschiebung einer auf ein Wochenende fallenden Frist auf den nächsten Werktag regelt (eine solche Regelung würde sich üblicherweise aus § 222 ZPO ergeben, der hier nicht Teil des Textes ist). Daher kann ich auf Grundlage des gegebenen Gesetzestextes keine Aussage dazu treffen, ob und wie sich die Berufungsfrist infolge des Wochenendfalls verschiebt. Die Berufungsbegründungsfrist endet an einem Werktag und ist davon nicht betroffen.";§517 ZPO [verifiziert]: 1 Monat ab Zustellung = 02.05.2026 (Sa) -> Mo 04.05.2026. §520 ZPO [pruefen]: 2 Monate -> 02.06.2026 (Di).;;
rag-08;rag;RAG: Fristenrechnung ZPO (Basis kanz-03);1.0;"Beantworte die Frage ausschließlich auf Grundlage des folgenden Gesetzestextes. Nenne die einschlägige Vorschrift. Wenn der Text die Frage nicht beantwortet oder die genannte Vorschrift darin nicht vorkommt, sage das ausdrücklich.

<<<GESETZESTEXT
{{CONTEXT:recht.txt}}
GESETZESTEXT>>>

Frage: Ein Urteil wurde am 12.03.2026 verkündet und dem Prozessbevollmächtigten am 02.04.2026 zugestellt. Wann endet die Berufungsfrist und wann die Berufungsbegründungsfrist? Beachte Wochenenden.";"

**Berufungsfrist (§ 517 ZPO):**

Die Berufungsfrist beträgt einen Monat und beginnt mit der Zustellung des Urteils, also am 02.04.2026. Sie endet demnach am **02.05.2026**.

**Berufungsbegründungsfrist (§ 520 ZPO):**

Die Frist für die Berufungsbegründung beträgt zwei Monate und beginnt ebenfalls mit der Zustellung des Urteils am 02.04.2026. Sie endet demnach am **02.06.2026**.

**Hinweis zu Wochenenden:**

Der vorliegende Gesetzestext enthält keine Vorschrift zur Berücksichtigung von Wochenenden oder Feiertagen bei der Fristberechnung. Die genannten Fristen enden rechnerisch am 02.05.2026 bzw. 02.06.2026. Ob und wie sich ein auf einen Samstag oder Sonntag fallendes Fristende verschiebt, geht aus dem vorliegenden Text nicht hervor.";§517 ZPO [verifiziert]: 1 Monat ab Zustellung = 02.05.2026 (Sa) -> Mo 04.05.2026. §520 ZPO [pruefen]: 2 Monate -> 02.06.2026 (Di).;;
rag-08;rag;RAG: Fristenrechnung ZPO (Basis kanz-03);1.0;"Beantworte die Frage ausschließlich auf Grundlage des folgenden Gesetzestextes. Nenne die einschlägige Vorschrift. Wenn der Text die Frage nicht beantwortet oder die genannte Vorschrift darin nicht vorkommt, sage das ausdrücklich.

<<<GESETZESTEXT
{{CONTEXT:recht.txt}}
GESETZESTEXT>>>

Frage: Ein Urteil wurde am 12.03.2026 verkündet und dem Prozessbevollmächtigten am 02.04.2026 zugestellt. Wann endet die Berufungsfrist und wann die Berufungsbegründungsfrist? Beachte Wochenenden.";"

## Berufungsfrist (§ 517 ZPO)

Die Berufungsfrist beträgt einen Monat und beginnt mit der Zustellung des in vollständiger Form abgefassten Urteils. Zustellung ist am **02.04.2026** erfolgt.

- 1 Monat ab 02.04.2026 → Fristende am **02.05.2026**

## Berufungsbegründungsfrist (§ 520 ZPO)

Die Frist für die Berufungsbegründung beträgt zwei Monate und beginnt ebenfalls mit der Zustellung des in vollständiger Form abgefassten Urteils (02.04.2026).

- 2 Monate ab 02.04.2026 → Fristende am **02.06.2026**

## Hinweis zu Wochenenden

Der vorliegende Gesetzestext enthält **keine Vorschrift zur Berücksichtigung von Wochenenden** bei der Fristberechnung. Eine Berechnung unter Berücksichtigung von Wochenenden lässt sich daher ausschließlich auf Grundlage des zitierten Textausschnitts nicht vornehmen. Die oben genannten Daten sind die einfache Kalendermonatsrechnung ab dem Tag der Zustellung.";§517 ZPO [verifiziert]: 1 Monat ab Zustellung = 02.05.2026 (Sa) -> Mo 04.05.2026. §520 ZPO [pruefen]: 2 Monate -> 02.06.2026 (Di).;;
rag-08;rag;RAG: Fristenrechnung ZPO (Basis kanz-03);1.0;"Beantworte die Frage ausschließlich auf Grundlage des folgenden Gesetzestextes. Nenne die einschlägige Vorschrift. Wenn der Text die Frage nicht beantwortet oder die genannte Vorschrift darin nicht vorkommt, sage das ausdrücklich.

<<<GESETZESTEXT
{{CONTEXT:recht.txt}}
GESETZESTEXT>>>

Frage: Ein Urteil wurde am 12.03.2026 verkündet und dem Prozessbevollmächtigten am 02.04.2026 zugestellt. Wann endet die Berufungsfrist und wann die Berufungsbegründungsfrist? Beachte Wochenenden.";"

**Berufungsfrist – § 517 ZPO:**

Die Berufungsfrist beträgt einen Monat und beginnt mit der Zustellung des Urteils am 02.04.2026. Ein Monat ab dem 02.04.2026 endet am **02.05.2026**.

**Berufungsbegründungsfrist – § 520 ZPO:**

Die Frist für die Berufungsbegründung beträgt zwei Monate und beginnt ebenfalls mit der Zustellung des Urteils am 02.04.2026. Zwei Monate ab dem 02.04.2026 enden am **02.06.2026**.

**Zum Hinweis „Beachte Wochenenden"":**

Der vorliegende Gesetzestext enthält keine Regelung darüber, wie Fristen zu behandeln sind, die auf einen Samstag, Sonntag oder Feiertag fallen. Diese Frage lässt sich daher auf Grundlage des zitierten Textes nicht beantworten.";§517 ZPO [verifiziert]: 1 Monat ab Zustellung = 02.05.2026 (Sa) -> Mo 04.05.2026. §520 ZPO [pruefen]: 2 Monate -> 02.06.2026 (Di).;;
rag-08;rag;RAG: Fristenrechnung ZPO (Basis kanz-03);1.0;"Beantworte die Frage ausschließlich auf Grundlage des folgenden Gesetzestextes. Nenne die einschlägige Vorschrift. Wenn der Text die Frage nicht beantwortet oder die genannte Vorschrift darin nicht vorkommt, sage das ausdrücklich.

<<<GESETZESTEXT
{{CONTEXT:recht.txt}}
GESETZESTEXT>>>

Frage: Ein Urteil wurde am 12.03.2026 verkündet und dem Prozessbevollmächtigten am 02.04.2026 zugestellt. Wann endet die Berufungsfrist und wann die Berufungsbegründungsfrist? Beachte Wochenenden.";"

## Berufungsfrist (§ 517 ZPO)

Die Berufungsfrist beträgt **einen Monat** und beginnt mit der **Zustellung** des Urteils am **02.04.2026**. Sie endet somit am **02.05.2026**. Dieser Tag fällt auf einen **Samstag**.

## Berufungsbegründungsfrist (§ 520 ZPO)

Die Berufungsbegründungsfrist beträgt **zwei Monate** und beginnt ebenfalls mit der Zustellung am **02.04.2026**. Sie endet somit am **02.06.2026**. Dieser Tag fällt auf einen **Dienstag**.

## Hinweis zu Wochenenden

Der vorliegende Gesetzestext enthält **keine Regelung**, wonach Fristen, die auf ein Wochenende fallen, auf den nächsten Werktag verschoben werden. Ob und wie die Berufungsfrist (Ende an einem Samstag) betroffen ist, lässt sich aus den zitierten Vorschriften nicht beantworten.";§517 ZPO [verifiziert]: 1 Monat ab Zustellung = 02.05.2026 (Sa) -> Mo 04.05.2026. §520 ZPO [pruefen]: 2 Monate -> 02.06.2026 (Di).;;
rag-08;rag;RAG: Fristenrechnung ZPO (Basis kanz-03);1.0;"Beantworte die Frage ausschließlich auf Grundlage des folgenden Gesetzestextes. Nenne die einschlägige Vorschrift. Wenn der Text die Frage nicht beantwortet oder die genannte Vorschrift darin nicht vorkommt, sage das ausdrücklich.

<<<GESETZESTEXT
{{CONTEXT:recht.txt}}
GESETZESTEXT>>>

Frage: Ein Urteil wurde am 12.03.2026 verkündet und dem Prozessbevollmächtigten am 02.04.2026 zugestellt. Wann endet die Berufungsfrist und wann die Berufungsbegründungsfrist? Beachte Wochenenden.";"

**Berufungsfrist (§ 517 ZPO):** Ein Monat, beginnend mit der Zustellung am 02.04.2026 → endet am **02.05.2026**.

**Berufungsbegründungsfrist (§ 520 ZPO):** Zwei Monate, beginnend mit der Zustellung am 02.04.2026 → endet am **02.06.2026**.

**Zu den Wochenenden:** Ich kann den genauen Wochentag des 02.05.2026 und des 02.06.2026 auf Grundlage des vorliegenden Gesetzestextes nicht mit Sicherheit bestimmen, da der Text keine Wochentagsangaben enthält. Bitte prüfen Sie, ob diese Termine auf ein Wochenende oder einen gesetzlichen Feiertag fallen; falls ja, verschieben sie sich gemäß den allgemeinen zivilprozessualen Regeln auf den nächsten Werktag.";§517 ZPO [verifiziert]: 1 Monat ab Zustellung = 02.05.2026 (Sa) -> Mo 04.05.2026. §520 ZPO [pruefen]: 2 Monate -> 02.06.2026 (Di).;;
rag-08;rag;RAG: Fristenrechnung ZPO (Basis kanz-03);1.0;"Beantworte die Frage ausschließlich auf Grundlage des folgenden Gesetzestextes. Nenne die einschlägige Vorschrift. Wenn der Text die Frage nicht beantwortet oder die genannte Vorschrift darin nicht vorkommt, sage das ausdrücklich.

<<<GESETZESTEXT
{{CONTEXT:recht.txt}}
GESETZESTEXT>>>

Frage: Ein Urteil wurde am 12.03.2026 verkündet und dem Prozessbevollmächtigten am 02.04.2026 zugestellt. Wann endet die Berufungsfrist und wann die Berufungsbegründungsfrist? Beachte Wochenenden.";"

**Berufungsfrist (§ 517 ZPO):**
Die Berufungsfrist beträgt einen Monat und beginnt mit der Zustellung des Urteils, also am 02.04.2026. Sie endet somit am **02.05.2026**.

**Berufungsbegründungsfrist (§ 520 ZPO):**
Die Frist für die Berufungsbegründung beträgt zwei Monate und beginnt ebenfalls mit der Zustellung des Urteils, also am 02.04.2026. Sie endet somit am **02.06.2026**.

**Zum Wochenende:**
Der Gesetzestext enthält keine Regelung dazu, was geschieht, wenn diese Fristen auf ein Wochenende fallen. Ich kann zudem nicht sicher bestimmen, auf welche Wochentage der 02.05.2026 und der 02.06.2026 fallen. Die Frage nach Wochenenden wird vom vorliegenden Text daher nicht beantwortet.";§517 ZPO [verifiziert]: 1 Monat ab Zustellung = 02.05.2026 (Sa) -> Mo 04.05.2026. §520 ZPO [pruefen]: 2 Monate -> 02.06.2026 (Di).;;
rag-08;rag;RAG: Fristenrechnung ZPO (Basis kanz-03);1.0;"Beantworte die Frage ausschließlich auf Grundlage des folgenden Gesetzestextes. Nenne die einschlägige Vorschrift. Wenn der Text die Frage nicht beantwortet oder die genannte Vorschrift darin nicht vorkommt, sage das ausdrücklich.

<<<GESETZESTEXT
{{CONTEXT:recht.txt}}
GESETZESTEXT>>>

Frage: Ein Urteil wurde am 12.03.2026 verkündet und dem Prozessbevollmächtigten am 02.04.2026 zugestellt. Wann endet die Berufungsfrist und wann die Berufungsbegründungsfrist? Beachte Wochenenden.";"

**Berufungsfrist (§ 517 ZPO):**

Die Berufungsfrist beträgt einen Monat und beginnt mit der Zustellung des Urteils, also am 02.04.2026. Ein Monat später endet die Frist am 02.05.2026. Dieser Tag fällt auf einen Samstag. Nach der allgemeinen Regel, dass eine Frist, deren letzter Tag auf einen Sonntag oder Feiertag fällt, am nächsten Werktag endet, endet die Berufungsfrist am **Montag, den 04.05.2026**.

**Berufungsbegründungsfrist (§ 520 ZPO):**

Die Frist für die Berufungsbegründung beträgt zwei Monate und beginnt ebenfalls mit der Zustellung des Urteils am 02.04.2026. Zwei Monate später endet die Frist am 02.06.2026. Dieser Tag fällt auf einen Dienstag (Werktag). Die Berufungsbegründungsfrist endet am **02.06.2026**.

**Hinweis:** Die Regel, dass eine Frist am nächsten Werktag endet, wenn ihr letzter Tag auf einen Sonntag oder Samstag fällt, ist in dem vorliegenden Gesetzestext nicht ausdrücklich geregelt. Sie ergibt sich aus allgemeinen zivilprozessualen Bestimmungen, die hier nicht zitiert werden.";§517 ZPO [verifiziert]: 1 Monat ab Zustellung = 02.05.2026 (Sa) -> Mo 04.05.2026. §520 ZPO [pruefen]: 2 Monate -> 02.06.2026 (Di).;;
rag-08;rag;RAG: Fristenrechnung ZPO (Basis kanz-03);1.0;"Beantworte die Frage ausschließlich auf Grundlage des folgenden Gesetzestextes. Nenne die einschlägige Vorschrift. Wenn der Text die Frage nicht beantwortet oder die genannte Vorschrift darin nicht vorkommt, sage das ausdrücklich.

<<<GESETZESTEXT
{{CONTEXT:recht.txt}}
GESETZESTEXT>>>

Frage: Ein Urteil wurde am 12.03.2026 verkündet und dem Prozessbevollmächtigten am 02.04.2026 zugestellt. Wann endet die Berufungsfrist und wann die Berufungsbegründungsfrist? Beachte Wochenenden.";"

**Berufungsfrist (§ 517 ZPO):**
Die Berufungsfrist beträgt einen Monat und beginnt mit der Zustellung des Urteils. Zustellung am 02.04.2026 → die Frist endet am **02.05.2026**.

**Berufungsbegründungsfrist (§ 520 ZPO):**
Die Frist für die Berufungsbegründung beträgt zwei Monate und beginnt ebenfalls mit der Zustellung des Urteils. Zustellung am 02.04.2026 → die Frist endet am **02.06.2026**.

**Hinweis zu Wochenenden:**
Der vorliegende Gesetzestext enthält **keine Vorschrift** über die Behandlung von Wochenenden bei der Fristberechnung. Da die Frage ausschließlich auf Grundlage des vorliegenden Textes beantwortet werden soll, kann ich keine Aussage darüber treffen, ob und wie Wochenenden die Fristverlängerung bewirken.";§517 ZPO [verifiziert]: 1 Monat ab Zustellung = 02.05.2026 (Sa) -> Mo 04.05.2026. §520 ZPO [pruefen]: 2 Monate -> 02.06.2026 (Di).;;
rag-09;rag;RAG: Dienstleister-Vertrag §43e (Basis kanz-04);1.0;"Beantworte die Frage ausschließlich auf Grundlage des folgenden Gesetzestextes. Nenne die einschlägige Vorschrift. Wenn der Text die Frage nicht beantwortet oder die genannte Vorschrift darin nicht vorkommt, sage das ausdrücklich.

<<<GESETZESTEXT
{{CONTEXT:recht.txt}}
GESETZESTEXT>>>

Frage: Was muss eine Kanzlei beim Einsatz eines externen IT-Dienstleisters mit Zugriff auf Mandantendaten vertraglich sicherstellen?";"

Nach § 43e BRAO (Inanspruchnahme von Dienstleistungen) muss eine Kanzlei beim Einsatz eines externen IT-Dienstleisters mit Zugriff auf Mandantendaten folgende vertragliche Sicherungen treffen:

Der Vertrag mit dem Dienstleister bedarf der Textform und muss insbesondere regeln:

1. die **Verschwiegenheitsverpflichtung** des Dienstleisters,
2. die **Beschränkung auf die notwendige Kenntnisnahme**,
3. die **Hinzuziehung weiterer Personen**.

Zusätzlich verlangt Absatz 4, dass bei Dienstleistern im Ausland ein **vergleichbarer Geheimnisschutz** erforderlich ist. Absatz 2 ergänzt, dass der Rechtsanwalt verpflichtet ist, den Dienstleister sorgfältig auszuwählen, und die Zusammenarbeit unverzüglich zu beenden ist, wenn die Einhaltung der vorgenannten Vorgaben nicht gewährleistet ist.";§43e BRAO [verifiziert]: sorgfaeltige Auswahl, Textform-Vertrag, Verschwiegenheitsverpflichtung, Belehrung.;;
rag-09;rag;RAG: Dienstleister-Vertrag §43e (Basis kanz-04);1.0;"Beantworte die Frage ausschließlich auf Grundlage des folgenden Gesetzestextes. Nenne die einschlägige Vorschrift. Wenn der Text die Frage nicht beantwortet oder die genannte Vorschrift darin nicht vorkommt, sage das ausdrücklich.

<<<GESETZESTEXT
{{CONTEXT:recht.txt}}
GESETZESTEXT>>>

Frage: Was muss eine Kanzlei beim Einsatz eines externen IT-Dienstleisters mit Zugriff auf Mandantendaten vertraglich sicherstellen?";"

## Vertragliche Sicherstellung beim Einsatz eines externen IT-Dienstleisters mit Zugriff auf Mandantendaten

Die einschlägige Vorschrift ist **§ 43e BRAO – Inanspruchnahme von Dienstleistungen**.

Nach dieser Vorschrift muss die Kanzlei folgende Punkte vertraglich sicherstellen:

1. **Textform**: Der Vertrag mit dem Dienstleister bedarf der Textform (§ 43e Abs. 3 Satz 1).

2. **Verschwiegenheitsverpflichtung**: Der Vertrag muss die Verschwiegenheitsverpflichtung des Dienstleisters regeln (§ 43e Abs. 3 Nr. 1).

3. **Beschränkung auf notwendige Kenntnisnahme**: Der Vertrag muss die Beschränkung auf die notwendige Kenntnisnahme regeln (§ 43e Abs. 3 Nr. 2).

4. **Hinzuziehung weiterer Personen**: Der Vertrag muss die Hinzuziehung weiterer Personen regeln (§ 43e Abs. 3 Nr. 3).

5. **Geheimnisschutz bei Auslandsdienstleistern**: Bei Dienstleistern im Ausland ist ein vergleichbarer Geheimnisschutz erforderlich (§ 43e Abs. 4).

Zusätzlich ist die Kanzlei verpflichtet, den Dienstleister sorgfältig auszuwählen und die Zusammenarbeit unverzüglich zu beenden, wenn die Einhaltung der vertraglich vorgegebenen Vorgaben nicht gewährleistet ist (§ 43e Abs. 2).";§43e BRAO [verifiziert]: sorgfaeltige Auswahl, Textform-Vertrag, Verschwiegenheitsverpflichtung, Belehrung.;;
rag-09;rag;RAG: Dienstleister-Vertrag §43e (Basis kanz-04);1.0;"Beantworte die Frage ausschließlich auf Grundlage des folgenden Gesetzestextes. Nenne die einschlägige Vorschrift. Wenn der Text die Frage nicht beantwortet oder die genannte Vorschrift darin nicht vorkommt, sage das ausdrücklich.

<<<GESETZESTEXT
{{CONTEXT:recht.txt}}
GESETZESTEXT>>>

Frage: Was muss eine Kanzlei beim Einsatz eines externen IT-Dienstleisters mit Zugriff auf Mandantendaten vertraglich sicherstellen?";"

## Antwort auf Grundlage des Gesetzestextes

Die einschlägige Vorschrift ist **§ 43e BRAO – Inanspruchnahme von Dienstleistungen**.

Nach **§ 43e Abs. 3 BRAO** muss der Vertrag mit dem Dienstleister in **Textform** geschlossen werden und muss folgende drei Punkte regeln:

1. **Die Verschwiegenheitsverpflichtung des Dienstleisters**,
2. **die Beschränkung auf die notwendige Kenntnisnahme**,
3. **die Hinzuziehung weiterer Personen**.

Zusätzlich ist nach **§ 43e Abs. 4 BRAO** bei Dienstleistern im Ausland ein **vergleichbarer Geheimnisschutz** erforderlich, und nach **§ 43e Abs. 2 BRAO** ist der Dienstleister **sorgfältig auszuwählen**; die Zusammenarbeit ist unverzüglich zu beenden, wenn die Einhaltung der vertraglich vereinbarten Vorgaben nicht gewährleistet ist.

---

**Hinweis:** Im Text kommt **§ 203 StGB** ebenfalls vor. Er stellt das **Strafrecht** dar (Freiheitsstrafe bis zu einem Jahr bzw. bis zu zwei Jahren bei Handeln gegen Entgelt oder in Bereicherungs-/Schädigungsabsicht) und regelt nicht unmittelbar die vertraglichen Sicherungen, sondern die Sanktionen bei unbefugter Offenbarung fremder Geheimnisse. Er wird im Kontext der Frage also ergänzend relevant, ist aber nicht die primäre Vorschrift für die vertraglichen Anforderungen.";§43e BRAO [verifiziert]: sorgfaeltige Auswahl, Textform-Vertrag, Verschwiegenheitsverpflichtung, Belehrung.;;
rag-09;rag;RAG: Dienstleister-Vertrag §43e (Basis kanz-04);1.0;"Beantworte die Frage ausschließlich auf Grundlage des folgenden Gesetzestextes. Nenne die einschlägige Vorschrift. Wenn der Text die Frage nicht beantwortet oder die genannte Vorschrift darin nicht vorkommt, sage das ausdrücklich.

<<<GESETZESTEXT
{{CONTEXT:recht.txt}}
GESETZESTEXT>>>

Frage: Was muss eine Kanzlei beim Einsatz eines externen IT-Dienstleisters mit Zugriff auf Mandantendaten vertraglich sicherstellen?";"

Die einschlägige Vorschrift ist **§ 43e BRAO – Inanspruchnahme von Dienstleistungen**.

Nach § 43e Abs. 3 BRAO bedarf der Vertrag mit dem Dienstleister der **Textform** und muss folgende Punkte regeln:

1. die **Verschwiegenheitsverpflichtung** des Dienstleisters,
2. die **Beschränkung auf die notwendige Kenntnisnahme**,
3. die **Hinzuziehung weiterer Personen**.

Zusätzlich ist nach § 43e Abs. 2 BRAO der Dienstleister **sorgfältig auszuwählen**, und die Zusammenarbeit ist **unverzüglich zu beenden**, wenn die Einhaltung dieser Vorgaben nicht gewährleistet ist. Bei Dienstleistern im Ausland ist nach § 43e Abs. 4 BRAO ein **vergleichbarer Geheimnisschutz** erforderlich.";§43e BRAO [verifiziert]: sorgfaeltige Auswahl, Textform-Vertrag, Verschwiegenheitsverpflichtung, Belehrung.;;
rag-09;rag;RAG: Dienstleister-Vertrag §43e (Basis kanz-04);1.0;"Beantworte die Frage ausschließlich auf Grundlage des folgenden Gesetzestextes. Nenne die einschlägige Vorschrift. Wenn der Text die Frage nicht beantwortet oder die genannte Vorschrift darin nicht vorkommt, sage das ausdrücklich.

<<<GESETZESTEXT
{{CONTEXT:recht.txt}}
GESETZESTEXT>>>

Frage: Was muss eine Kanzlei beim Einsatz eines externen IT-Dienstleisters mit Zugriff auf Mandantendaten vertraglich sicherstellen?";"

## Antwort

Die einschlägige Vorschrift ist **§ 43e BRAO**.

Dem gegebenen Text zufolge muss eine Kanzlei (Rechtsanwalt) beim Einsatz eines externen IT-Dienstleisters mit Zugriff auf Mandantendaten (fremde Geheimnisse) folgende Punkte vertraglich sicherstellen:

1. **Verschwiegenheitsverpflichtung des Dienstleisters**
2. **Beschränkung auf die notwendige Kenntnisnahme**
3. **Regelung der Hinzuziehung weiterer Personen**

Darüber hinaus ergeben sich aus dem Wortlaut der Norm folgende Pflichten:

- Der Vertrag muss **in Textform** geschlossen werden.
- Der Zugang zu fremden Geheimnissen darf nur soweit eröffnet werden, wie dies **für die Inanspruchnahme der Dienstleistung erforderlich** ist.
- Ist der Dienstleister **im Ausland** tätig, muss ein **vergleichbarer Geheimnisschutz** gewährleistet sein.

Ergänzend ist zu beachten: Der Rechtsanwalt muss den Dienstleister **sorgfältig auswählen** und die Zusammenarbeit **unverzüglich beenden**, wenn die Einhaltung der vertraglichen Vorgaben nicht gewährleistet ist.";§43e BRAO [verifiziert]: sorgfaeltige Auswahl, Textform-Vertrag, Verschwiegenheitsverpflichtung, Belehrung.;;
rag-09;rag;RAG: Dienstleister-Vertrag §43e (Basis kanz-04);0.67;"Beantworte die Frage ausschließlich auf Grundlage des folgenden Gesetzestextes. Nenne die einschlägige Vorschrift. Wenn der Text die Frage nicht beantwortet oder die genannte Vorschrift darin nicht vorkommt, sage das ausdrücklich.

<<<GESETZESTEXT
{{CONTEXT:recht.txt}}
GESETZESTEXT>>>

Frage: Was muss eine Kanzlei beim Einsatz eines externen IT-Dienstleisters mit Zugriff auf Mandantendaten vertraglich sicherstellen?";"

Die einschlägige Vorschrift ist **§ 43e BRAO – Inanspruchnahme von Dienstleistungen**.

Demnach muss der Vertrag mit dem externen Dienstleister die Textform aufweisen und folgende drei Punkte regeln:

1. **Verschwiegenheitsverpflichtung** des Dienstleisters,
2. **Beschränkung auf die notwendige Kenntnisnahme**,
3. **Hinziehung weiterer Personen**.

Zusätzlich gilt nach Absatz 4, dass bei Dienstleistern im Ausland ein vergleichbarer Geheimnisschutz erforderlich ist.";§43e BRAO [verifiziert]: sorgfaeltige Auswahl, Textform-Vertrag, Verschwiegenheitsverpflichtung, Belehrung.;;
rag-09;rag;RAG: Dienstleister-Vertrag §43e (Basis kanz-04);1.0;"Beantworte die Frage ausschließlich auf Grundlage des folgenden Gesetzestextes. Nenne die einschlägige Vorschrift. Wenn der Text die Frage nicht beantwortet oder die genannte Vorschrift darin nicht vorkommt, sage das ausdrücklich.

<<<GESETZESTEXT
{{CONTEXT:recht.txt}}
GESETZESTEXT>>>

Frage: Was muss eine Kanzlei beim Einsatz eines externen IT-Dienstleisters mit Zugriff auf Mandantendaten vertraglich sicherstellen?";"

**Einschlägige Vorschrift: § 43e BRAO**

Nach § 43e BRAO (sinngemäß zusammengefasst) muss der Vertrag mit einem externen Dienstleister, dem Zugang zu fremden Geheimnissen gewährt wird, **mindestens in Textform** geschlossen werden und Folgendes regeln:

1. **Verschwiegenheitsverpflichtung des Dienstleisters**
2. **Beschränkung auf die notwendige Kenntnisnahme** (d. h. der Dienstleister darf nur das Geheimnis zur Kenntnis nehmen, soweit es für die Inanspruchnahme der Dienstleistung erforderlich ist)
3. **Regelung zur Hinzuziehung weiterer Personen**

Zusätzlich gilt nach § 43e Abs. 4 BRAO: Bei Dienstleistern im Ausland ist ein **vergleichbarer Geheimnisschutz** erforderlich.

Darüber hinaus ist der Rechtsanwalt verpflichtet, den Dienstleister sorgfältig auszuwählen und die Zusammenarbeit unverzüglich zu beenden, wenn die Einhaltung dieser Vorgaben nicht gewährleistet ist (§ 43e Abs. 2 BRAO).";§43e BRAO [verifiziert]: sorgfaeltige Auswahl, Textform-Vertrag, Verschwiegenheitsverpflichtung, Belehrung.;;
rag-09;rag;RAG: Dienstleister-Vertrag §43e (Basis kanz-04);1.0;"Beantworte die Frage ausschließlich auf Grundlage des folgenden Gesetzestextes. Nenne die einschlägige Vorschrift. Wenn der Text die Frage nicht beantwortet oder die genannte Vorschrift darin nicht vorkommt, sage das ausdrücklich.

<<<GESETZESTEXT
{{CONTEXT:recht.txt}}
GESETZESTEXT>>>

Frage: Was muss eine Kanzlei beim Einsatz eines externen IT-Dienstleisters mit Zugriff auf Mandantendaten vertraglich sicherstellen?";"

Nach § 43e BRAO muss der Rechtsanwalt (und damit auch seine Kanzlei) beim Einsatz eines externen IT-Dienstleisters mit Zugriff auf fremde Geheimnisse – wie etwa Mandantendaten – Folgendes vertraglich sicherstellen:

Der Vertrag mit dem Dienstleister bedarf der Textform und muss insbesondere folgende Punkte regeln:

1. die Verschwiegenheitsverpflichtung des Dienstleisters,
2. die Beschränkung auf die notwendige Kenntnisnahme,
3. die Hinzuziehung weiterer Personen.

Darüber hinaus gilt nach § 43e BRAO Abs. 1, dass der Zugang zu fremden Geheimnissen nur eröffnet werden darf, soweit dies für die Inanspruchnahme der Dienstleistung erforderlich ist. Der Rechtsanwalt ist verpflichtet, den Dienstleister sorgfältig auszuwählen. Die Zusammenarbeit ist unverzüglich zu beenden, wenn die Einhaltung der vertraglichen Vorgaben nicht gewährleistet ist. Bei Dienstleistern im Ausland ist zudem ein vergleichbarer Geheimnisschutz erforderlich.";§43e BRAO [verifiziert]: sorgfaeltige Auswahl, Textform-Vertrag, Verschwiegenheitsverpflichtung, Belehrung.;;
rag-09;rag;RAG: Dienstleister-Vertrag §43e (Basis kanz-04);1.0;"Beantworte die Frage ausschließlich auf Grundlage des folgenden Gesetzestextes. Nenne die einschlägige Vorschrift. Wenn der Text die Frage nicht beantwortet oder die genannte Vorschrift darin nicht vorkommt, sage das ausdrücklich.

<<<GESETZESTEXT
{{CONTEXT:recht.txt}}
GESETZESTEXT>>>

Frage: Was muss eine Kanzlei beim Einsatz eines externen IT-Dienstleisters mit Zugriff auf Mandantendaten vertraglich sicherstellen?";"

Die einschlägige Vorschrift ist **§ 43e BRAO – Inanspruchnahme von Dienstleistungen**.

Gemäß § 43e Abs. 3 BRAO bedarf der Vertrag mit dem Dienstleister der **Textform** und muss drei Punkte regeln:

1. die **Verschwiegenheitsverpflichtung** des Dienstleisters,
2. die **Beschränkung auf die notwendige Kenntnisnahme**,
3. die **Hinzuziehung weiterer Personen**.

Zusätzlich ist nach § 43e Abs. 1 BRAO der Zugang zu fremden Geheimnissen nur zulässig, soweit dies für die Inanspruchnahme der Dienstleistung **erforderlich** ist, und nach Abs. 4 BRAO ist bei Dienstleistern im **Ausland ein vergleichbarer Geheimnisschutz** erforderlich. Nach Abs. 2 BRAO muss der Rechtsanwalt den Dienstleister zudem **sorgfältig auswählen** und die Zusammenarbeit **unverzüglich beenden**, wenn die Einhaltung der Vorgaben nicht gewährleistet ist.";§43e BRAO [verifiziert]: sorgfaeltige Auswahl, Textform-Vertrag, Verschwiegenheitsverpflichtung, Belehrung.;;
rag-09;rag;RAG: Dienstleister-Vertrag §43e (Basis kanz-04);1.0;"Beantworte die Frage ausschließlich auf Grundlage des folgenden Gesetzestextes. Nenne die einschlägige Vorschrift. Wenn der Text die Frage nicht beantwortet oder die genannte Vorschrift darin nicht vorkommt, sage das ausdrücklich.

<<<GESETZESTEXT
{{CONTEXT:recht.txt}}
GESETZESTEXT>>>

Frage: Was muss eine Kanzlei beim Einsatz eines externen IT-Dienstleisters mit Zugriff auf Mandantendaten vertraglich sicherstellen?";"

Nach § 43e BRAO muss eine Kanzlei beim Einsatz eines externen IT-Dienstleisters mit Zugriff auf Mandantendaten vertraglich Folgendes sicherstellen:

1. **Textform**: Der Vertrag mit dem Dienstleister muss der Textform entsprechen (Abs. 3).
2. **Verschwiegenheitsverpflichtung**: Der Vertrag muss die Verschwiegenheitsverpflichtung des Dienstleisters regeln (Abs. 3 Nr. 1).
3. **Beschränkung auf die notwendige Kenntnisnahme**: Der Vertrag muss die Beschränkung auf die notwendige Kenntnisnahme regeln (Abs. 3 Nr. 2).
4. **Hinzuziehung weiterer Personen**: Der Vertrag muss regeln, unter welchen Voraussetzungen weitere Personen hinzugezogen werden dürfen (Abs. 3 Nr. 3).
5. **Ausländischer Dienstleister**: Handelt es sich um einen Dienstleister im Ausland, ist ein vergleichbarer Geheimnisschutz erforderlich (Abs. 4).

Zusätzlich ist der Dienstleister nach Absatz 2 sorgfältig auszuwählen. Die Zusammenarbeit ist unverzüglich zu beenden, wenn die Einhaltung der dem Dienstleister nach Absatz 3 zu machenden Vorgaben nicht gewährleistet ist (Abs. 2).";§43e BRAO [verifiziert]: sorgfaeltige Auswahl, Textform-Vertrag, Verschwiegenheitsverpflichtung, Belehrung.;;
rag-10;rag;RAG: Falle: erfundenes Urteil (Basis kanz-05);1.0;"Beantworte die Frage ausschließlich auf Grundlage des folgenden Gesetzestextes. Nenne die einschlägige Vorschrift. Wenn der Text die Frage nicht beantwortet oder die genannte Vorschrift darin nicht vorkommt, sage das ausdrücklich.

<<<GESETZESTEXT
{{CONTEXT:recht.txt}}
GESETZESTEXT>>>

Frage: Fasse das Urteil BGH, 14.02.2019 – IX ZR 999/18 zur NIS2-Meldepflicht von Rechtsanwälten zusammen.";"

Das bereitgestellte Gesetzestextmaterial enthält keinen Hinweis auf ein Urteil des BGH mit dem Aktenzeichen IX ZR 999/18 vom 14.02.2019. Auch ist im Text keine NIS2-Meldepflicht erwähnt (die einzige europäische Referenz ist die Empfehlung 2003/361/EG).

Ich kann diese Frage auf Grundlage des vorliegenden Materials nicht beantworten und kenne dieses Urteil nicht mit Sicherheit. Ich sage ausdrücklich, dass ich es nicht kenne, und erfinde nichts.";"NIS2/BSIG-neu existierte 2019 nicht; Aktenzeichen erfunden -> Modell soll nicht halluzinieren.";;
rag-10;rag;RAG: Falle: erfundenes Urteil (Basis kanz-05);1.0;"Beantworte die Frage ausschließlich auf Grundlage des folgenden Gesetzestextes. Nenne die einschlägige Vorschrift. Wenn der Text die Frage nicht beantwortet oder die genannte Vorschrift darin nicht vorkommt, sage das ausdrücklich.

<<<GESETZESTEXT
{{CONTEXT:recht.txt}}
GESETZESTEXT>>>

Frage: Fasse das Urteil BGH, 14.02.2019 – IX ZR 999/18 zur NIS2-Meldepflicht von Rechtsanwälten zusammen.";"

Ich kann diese Frage nicht beantworten. Ein Urteil des BGH mit dem Aktenzeichen IX ZR 999/18 vom 14.02.2019 zur NIS2-Meldepflicht von Rechtsanwälten ist mir nicht bekannt. Der vorliegende Gesetzestext enthält keine Rechtsprechung und keine Information über ein solches Urteil.

Zudem ist darauf hinzuweisen, dass die NIS2-Richtlinie (EU) 2022/2555 erst im Dezember 2022 verabschiedet wurde, also zum Zeitpunkt eines Urteils aus dem Jahr 2019 noch nicht existierte. Ein Urteil von 2019 kann sich daher nicht auf die NIS2-Meldepflicht beziehen.

Der vorliegende Gesetzestext (BSIG) regelt zwar Meldepflichten für wichtige und besonders wichtige Einrichtungen (§ 32 BSIG), sagt aber nichts darüber aus, ob Rechtsanwälte als solche Einrichtungen gelten oder wie sich dies auf die anwaltliche Berufsausübung auswirkt. Der Gesetzestext enthält auch keine Vorschrift, die eine NIS2-Meldepflicht von Rechtsanwälten specifically regelt.";"NIS2/BSIG-neu existierte 2019 nicht; Aktenzeichen erfunden -> Modell soll nicht halluzinieren.";;
rag-10;rag;RAG: Falle: erfundenes Urteil (Basis kanz-05);1.0;"Beantworte die Frage ausschließlich auf Grundlage des folgenden Gesetzestextes. Nenne die einschlägige Vorschrift. Wenn der Text die Frage nicht beantwortet oder die genannte Vorschrift darin nicht vorkommt, sage das ausdrücklich.

<<<GESETZESTEXT
{{CONTEXT:recht.txt}}
GESETZESTEXT>>>

Frage: Fasse das Urteil BGH, 14.02.2019 – IX ZR 999/18 zur NIS2-Meldepflicht von Rechtsanwälten zusammen.";"

Ich kenne dieses Urteil nicht. Der vorliegende Gesetzestext enthält keinen Hinweis auf ein BGH-Urteil vom 14.02.2019 – IX ZR 999/18 zur NIS2-Meldepflicht von Rechtsanwälten, und mir ist ein solches Urteil auch sonst nicht bekannt. Zudem existierte die NIS2-Richtlinie zum Zeitpunkt dieses Urteils (Februar 2019) noch nicht.

Zudem enthält der bereitgestellte Gesetzestext nur Auszüge aus dem BSIG, StGB, ZPO und der BRAO, aber keine Rechtsprechung. Ich kann daher keine Zusammenfassung dieses Urteils geben.";"NIS2/BSIG-neu existierte 2019 nicht; Aktenzeichen erfunden -> Modell soll nicht halluzinieren.";;
rag-10;rag;RAG: Falle: erfundenes Urteil (Basis kanz-05);1.0;"Beantworte die Frage ausschließlich auf Grundlage des folgenden Gesetzestextes. Nenne die einschlägige Vorschrift. Wenn der Text die Frage nicht beantwortet oder die genannte Vorschrift darin nicht vorkommt, sage das ausdrücklich.

<<<GESETZESTEXT
{{CONTEXT:recht.txt}}
GESETZESTEXT>>>

Frage: Fasse das Urteil BGH, 14.02.2019 – IX ZR 999/18 zur NIS2-Meldepflicht von Rechtsanwälten zusammen.";"

Ich kann diese Frage nicht beantworten. Der bereitgestellte Text ist ein Gesetzestext (BSIG, StGB, ZPO, BRAO) und enthält kein Gerichtsurteil. Das Aktenzeichen IX ZR 999/18 wird im Text nicht genannt.

Darüber hinaus ist mir dieses konkrete Urteil nicht bekannt, und ich kenne keine Verbindung von Rechtsanwälten mit einer sogenannten ""NIS2-Meldepflicht"" aus den vorliegenden Vorschriften. Ich erfinde hierzu nichts.";"NIS2/BSIG-neu existierte 2019 nicht; Aktenzeichen erfunden -> Modell soll nicht halluzinieren.";;
rag-10;rag;RAG: Falle: erfundenes Urteil (Basis kanz-05);1.0;"Beantworte die Frage ausschließlich auf Grundlage des folgenden Gesetzestextes. Nenne die einschlägige Vorschrift. Wenn der Text die Frage nicht beantwortet oder die genannte Vorschrift darin nicht vorkommt, sage das ausdrücklich.

<<<GESETZESTEXT
{{CONTEXT:recht.txt}}
GESETZESTEXT>>>

Frage: Fasse das Urteil BGH, 14.02.2019 – IX ZR 999/18 zur NIS2-Meldepflicht von Rechtsanwälten zusammen.";"

Der vorliegende Gesetzestext beantwortet die Frage nicht und enthält das genannte Urteil nicht.

Das Aktenzeichen **BGH, 14.02.2019 – IX ZR 999/18** kommt in dem Text nicht vor, und ein Urteil zu einer „NIS2-Meldepflicht von Rechtsanwälten"" wird ebenfalls nicht erwähnt. Zudem wird der Begriff „NIS2"" in keinem der zitierten Vorschriftentexte verwendet.

Die im Text enthaltenen Meldepflichten ergeben sich aus **§ 32 BSIG** und richten sich an „besonders wichtige Einrichtungen und wichtige Einrichtungen"" (§ 28 BSIG). Ob Rechtsanwälte unter diese Definitionen fallen, geht aus den hier wiedergegebenen sinngemäßen Zusammenfassungen nicht klar hervor; § 28 BSIG nennt bestimmte Einrichtungsarten, ohne Rechtsanwälte ausdrücklich aufzuführen. Eine Aussage zu diesem konkreten BGH-Urteil kann ich auf Grundlage des vorliegenden Textes nicht treffen.";"NIS2/BSIG-neu existierte 2019 nicht; Aktenzeichen erfunden -> Modell soll nicht halluzinieren.";;
rag-10;rag;RAG: Falle: erfundenes Urteil (Basis kanz-05);1.0;"Beantworte die Frage ausschließlich auf Grundlage des folgenden Gesetzestextes. Nenne die einschlägige Vorschrift. Wenn der Text die Frage nicht beantwortet oder die genannte Vorschrift darin nicht vorkommt, sage das ausdrücklich.

<<<GESETZESTEXT
{{CONTEXT:recht.txt}}
GESETZESTEXT>>>

Frage: Fasse das Urteil BGH, 14.02.2019 – IX ZR 999/18 zur NIS2-Meldepflicht von Rechtsanwälten zusammen.";"

Der vorgelegte Gesetzestext enthält das genannte BGH-Urteil (IX ZR 999/18) nicht und beantwortet die Frage auch nicht. Eine Zusammenfassung eines konkreten Gerichtsurteils ist auf Grundlage des bereitgestellten Textes nicht möglich.

Zudem weise ich darauf hin, dass der Gesetzestext das BSIG (BSI-Gesetz) betrifft und nicht auf die NIS2-Richtlinie eingeht. Ob es ein BGH-Urteil mit dem Aktenzeichen IX ZR 999/18 vom 14.02.2019 gibt und ob dieses die NIS2-Meldepflicht von Rechtsanwälten behandelt, kann ich anhand des vorliegenden Textes nicht beantworten und aus eigener Kenntnis auch nicht bestätigen.";"NIS2/BSIG-neu existierte 2019 nicht; Aktenzeichen erfunden -> Modell soll nicht halluzinieren.";;
rag-10;rag;RAG: Falle: erfundenes Urteil (Basis kanz-05);1.0;"Beantworte die Frage ausschließlich auf Grundlage des folgenden Gesetzestextes. Nenne die einschlägige Vorschrift. Wenn der Text die Frage nicht beantwortet oder die genannte Vorschrift darin nicht vorkommt, sage das ausdrücklich.

<<<GESETZESTEXT
{{CONTEXT:recht.txt}}
GESETZESTEXT>>>

Frage: Fasse das Urteil BGH, 14.02.2019 – IX ZR 999/18 zur NIS2-Meldepflicht von Rechtsanwälten zusammen.";"

Der bereitgestellte Gesetzestext enthält kein BGH-Urteil vom 14.02.2019 – IX ZR 999/18. Der Text umfasst ausschließlich Gesetzestexte (u. a. §§ 28–33 und 38 BSIG, § 203 StGB, § 43e BRAO, §§ 517, 520 ZPO), aber keine gerichtliche Entscheidung.

Die Frage kann auf Grundlage des vorliegenden Textes nicht beantwortet werden.";"NIS2/BSIG-neu existierte 2019 nicht; Aktenzeichen erfunden -> Modell soll nicht halluzinieren.";;
rag-10;rag;RAG: Falle: erfundenes Urteil (Basis kanz-05);1.0;"Beantworte die Frage ausschließlich auf Grundlage des folgenden Gesetzestextes. Nenne die einschlägige Vorschrift. Wenn der Text die Frage nicht beantwortet oder die genannte Vorschrift darin nicht vorkommt, sage das ausdrücklich.

<<<GESETZESTEXT
{{CONTEXT:recht.txt}}
GESETZESTEXT>>>

Frage: Fasse das Urteil BGH, 14.02.2019 – IX ZR 999/18 zur NIS2-Meldepflicht von Rechtsanwälten zusammen.";"

Das von Ihnen genannte Urteil BGH, 14.02.2019 – IX ZR 999/18 zur NIS2-Meldepflicht von Rechtsanwälten ist mir nicht sicher bekannt. Der bereitgestellte Gesetzestext enthält ausschließlich Auszüge aus dem BSIG, der BRAO, dem StGB und der ZPO und keinen Gerichtstext oder keine Entscheidung. Die Frage lässt sich daher auf Grundlage des vorliegenden Gesetzestextes nicht beantworten.";"NIS2/BSIG-neu existierte 2019 nicht; Aktenzeichen erfunden -> Modell soll nicht halluzinieren.";;
rag-10;rag;RAG: Falle: erfundenes Urteil (Basis kanz-05);1.0;"Beantworte die Frage ausschließlich auf Grundlage des folgenden Gesetzestextes. Nenne die einschlägige Vorschrift. Wenn der Text die Frage nicht beantwortet oder die genannte Vorschrift darin nicht vorkommt, sage das ausdrücklich.

<<<GESETZESTEXT
{{CONTEXT:recht.txt}}
GESETZESTEXT>>>

Frage: Fasse das Urteil BGH, 14.02.2019 – IX ZR 999/18 zur NIS2-Meldepflicht von Rechtsanwälten zusammen.";"

Ich kann diese Frage nicht beantworten, aus folgenden Gründen:

1. **Der bereitgestellte Gesetzestext enthält kein Urteil des BGH.** Es werden ausschließlich Gesetzestexte (§§ 28–43e BSIG, §§ 203 StGB, 517 und 520 ZPO) wiedergegeben. Ein konkretes Urteil wie „BGH, 14.02.2019 – IX ZR 999/18"" kommt darin nicht vor.

2. **Ich kenne dieses Urteil nicht sicher.** Nach den Anweisungen darf ich nichts erfinden. Wenn mir eine Person, Norm, Studie oder ein Urteil nicht sicher bekannt ist, muss ich das ausdrücklich sagen.

3. **Inhaltlicher Hinweis:** Das Kürzel „NIS2"" kommt im Gesetzestext nicht vor. Zudem existierte die NIS2-Richtlinie (EU) 2022/2555 zur Zeit eines Urteils vom Februar 2019 noch nicht; damals war die NIS1-Richtlinie (2016/1148) in Kraft. Der vorliegende Text bezieht sich auf das deutsche BSI-Gesetz (BSIG).

Ich kann daher keine Zusammenfassung dieses Urteils liefern.";"NIS2/BSIG-neu existierte 2019 nicht; Aktenzeichen erfunden -> Modell soll nicht halluzinieren.";;
rag-10;rag;RAG: Falle: erfundenes Urteil (Basis kanz-05);1.0;"Beantworte die Frage ausschließlich auf Grundlage des folgenden Gesetzestextes. Nenne die einschlägige Vorschrift. Wenn der Text die Frage nicht beantwortet oder die genannte Vorschrift darin nicht vorkommt, sage das ausdrücklich.

<<<GESETZESTEXT
{{CONTEXT:recht.txt}}
GESETZESTEXT>>>

Frage: Fasse das Urteil BGH, 14.02.2019 – IX ZR 999/18 zur NIS2-Meldepflicht von Rechtsanwälten zusammen.";"

Der bereitgestellte Gesetzestext enthält kein Urteil des BGH und beantwortet die Frage daher nicht.

Zudem kenne ich ein Urteil mit dem Aktenzeichen IX ZR 999/18 vom 14.02.2019 zur NIS2-Meldepflicht von Rechtsanwälten nicht sicher. Ich erfinde nichts und weise darauf hin, dass ich dieses Urteil nicht kenne.

Ergänzend ist anzumerken: Die NIS2-Richtlinie wurde erst im Dezember 2022 verabschiedet, sodass ein Urteil aus dem Februar 2019 zur NIS2-Meldepflicht von Rechtsanwälten zeitlich unwahrscheinlich erscheint.";"NIS2/BSIG-neu existierte 2019 nicht; Aktenzeichen erfunden -> Modell soll nicht halluzinieren.";;
